#pragma once

#include <nn/types.h>

/**
 * @brief Pictures used by CHvc::PatchVideoSignal.
 */

namespace Vessel::Emulator::Virtual::PlatformHvc {

/// Pixels identifying the title screen (palette index of every sample).
static const u8 cTitleCheck[8][112] = {
    {
        0x03, 0x03, 0x00, 0x00, 0x00, 0x00, 0x03, 0x03, 0x03, 0x03, 0x03, 0x03, 0x03, 0x03, 0x03, 0x03,
        0x03, 0x03, 0x03, 0x03, 0x03, 0x03, 0x03, 0x03, 0x03, 0x03, 0x03, 0x03, 0x03, 0x03, 0x03, 0x03,
        0x03, 0x03, 0x03, 0x03, 0x03, 0x03, 0x03, 0x03, 0x03, 0x03, 0x03, 0x03, 0x03, 0x03, 0x03, 0x03,
        0x03, 0x03, 0x03, 0x03, 0x03, 0x03, 0x03, 0x03, 0x03, 0x03, 0x03, 0x03, 0x03, 0x03, 0x03, 0x03,
        0x03, 0x03, 0x03, 0x03, 0x03, 0x03, 0x03, 0x03, 0x03, 0x03, 0x03, 0x03, 0x03, 0x03, 0x03, 0x03,
        0x03, 0x03, 0x03, 0x03, 0x03, 0x03, 0x03, 0x03, 0x03, 0x03, 0x03, 0x03, 0x03, 0x03, 0x03, 0x03,
        0x03, 0x03, 0x03, 0x03, 0x03, 0x03, 0x03, 0x03, 0x03, 0x03, 0x03, 0x03, 0x03, 0x03, 0x03, 0x03,
    },
    {
        0x03, 0x00, 0x03, 0x03, 0x03, 0x03, 0x00, 0x03, 0x03, 0x00, 0x00, 0x00, 0x03, 0x03, 0x00, 0x00,
        0x00, 0x03, 0x03, 0x03, 0x00, 0x00, 0x00, 0x03, 0x03, 0x00, 0x00, 0x00, 0x03, 0x03, 0x03, 0x03,
        0x03, 0x00, 0x00, 0x00, 0x03, 0x03, 0x00, 0x00, 0x00, 0x03, 0x03, 0x03, 0x00, 0x00, 0x00, 0x03,
        0x03, 0x00, 0x00, 0x00, 0x03, 0x03, 0x03, 0x03, 0x03, 0x03, 0x03, 0x03, 0x03, 0x00, 0x00, 0x03,
        0x03, 0x03, 0x00, 0x00, 0x03, 0x00, 0x00, 0x03, 0x03, 0x03, 0x03, 0x03, 0x03, 0x03, 0x03, 0x03,
        0x00, 0x00, 0x03, 0x03, 0x03, 0x03, 0x03, 0x03, 0x03, 0x03, 0x03, 0x03, 0x03, 0x03, 0x03, 0x03,
        0x03, 0x03, 0x03, 0x03, 0x03, 0x03, 0x00, 0x00, 0x03, 0x03, 0x03, 0x03, 0x03, 0x03, 0x03, 0x03,
    },
    {
        0x00, 0x03, 0x03, 0x00, 0x00, 0x03, 0x03, 0x00, 0x03, 0x03, 0x00, 0x00, 0x03, 0x00, 0x00, 0x03,
        0x00, 0x00, 0x03, 0x00, 0x00, 0x03, 0x00, 0x00, 0x03, 0x03, 0x00, 0x00, 0x03, 0x03, 0x03, 0x03,
        0x03, 0x03, 0x00, 0x00, 0x03, 0x00, 0x00, 0x03, 0x00, 0x00, 0x03, 0x00, 0x00, 0x03, 0x00, 0x00,
        0x03, 0x03, 0x03, 0x00, 0x00, 0x03, 0x03, 0x03, 0x03, 0x03, 0x03, 0x03, 0x03, 0x00, 0x00, 0x00,
        0x03, 0x03, 0x00, 0x00, 0x03, 0x03, 0x03, 0x03, 0x00, 0x00, 0x03, 0x00, 0x00, 0x03, 0x03, 0x00,
        0x00, 0x00, 0x00, 0x03, 0x03, 0x00, 0x00, 0x00, 0x00, 0x03, 0x03, 0x00, 0x00, 0x03, 0x00, 0x00,
        0x03, 0x03, 0x03, 0x03, 0x03, 0x03, 0x00, 0x00, 0x03, 0x03, 0x00, 0x00, 0x00, 0x00, 0x03, 0x03,
    },
    {
        0x00, 0x03, 0x00, 0x03, 0x03, 0x03, 0x03, 0x00, 0x03, 0x03, 0x00, 0x00, 0x03, 0x00, 0x00, 0x03,
        0x00, 0x00, 0x03, 0x00, 0x00, 0x03, 0x00, 0x00, 0x03, 0x03, 0x00, 0x00, 0x03, 0x03, 0x03, 0x03,
        0x03, 0x03, 0x00, 0x00, 0x03, 0x00, 0x00, 0x03, 0x00, 0x00, 0x03, 0x00, 0x00, 0x03, 0x00, 0x00,
        0x03, 0x03, 0x00, 0x00, 0x00, 0x03, 0x03, 0x03, 0x03, 0x03, 0x03, 0x03, 0x03, 0x00, 0x00, 0x00,
        0x03, 0x03, 0x00, 0x00, 0x03, 0x00, 0x00, 0x03, 0x00, 0x00, 0x00, 0x00, 0x00, 0x00, 0x03, 0x03,
        0x00, 0x00, 0x03, 0x03, 0x00, 0x00, 0x03, 0x03, 0x00, 0x00, 0x03, 0x00, 0x00, 0x00, 0x00, 0x00,
        0x00, 0x03, 0x03, 0x00, 0x00, 0x00, 0x00, 0x00, 0x03, 0x00, 0x00, 0x03, 0x03, 0x00, 0x00, 0x03,
    },
    {
        0x00, 0x03, 0x00, 0x03, 0x03, 0x03, 0x03, 0x00, 0x03, 0x03, 0x00, 0x00, 0x03, 0x03, 0x00, 0x00,
        0x00, 0x00, 0x03, 0x03, 0x00, 0x00, 0x00, 0x00, 0x03, 0x03, 0x00, 0x00, 0x03, 0x03, 0x03, 0x03,
        0x03, 0x03, 0x00, 0x00, 0x03, 0x03, 0x00, 0x00, 0x00, 0x00, 0x03, 0x03, 0x00, 0x00, 0x00, 0x00,
        0x03, 0x00, 0x00, 0x00, 0x03, 0x03, 0x03, 0x03, 0x03, 0x03, 0x03, 0x03, 0x03, 0x00, 0x00, 0x03,
        0x00, 0x03, 0x00, 0x00, 0x03, 0x00, 0x00, 0x03, 0x00, 0x00, 0x03, 0x03, 0x00, 0x00, 0x03, 0x03,
        0x00, 0x00, 0x03, 0x03, 0x00, 0x00, 0x00, 0x00, 0x00, 0x00, 0x03, 0x00, 0x00, 0x03, 0x03, 0x00,
        0x00, 0x03, 0x00, 0x00, 0x03, 0x03, 0x00, 0x00, 0x03, 0x00, 0x00, 0x03, 0x03, 0x00, 0x00, 0x03,
    },
    {
        0x00, 0x03, 0x03, 0x00, 0x00, 0x03, 0x03, 0x00, 0x03, 0x03, 0x00, 0x00, 0x03, 0x03, 0x03, 0x03,
        0x00, 0x00, 0x03, 0x03, 0x03, 0x03, 0x00, 0x00, 0x03, 0x03, 0x00, 0x00, 0x03, 0x00, 0x00, 0x03,
        0x03, 0x03, 0x00, 0x00, 0x03, 0x03, 0x03, 0x03, 0x00, 0x00, 0x03, 0x03, 0x03, 0x03, 0x00, 0x00,
        0x03, 0x00, 0x00, 0x03, 0x03, 0x03, 0x03, 0x03, 0x03, 0x03, 0x03, 0x03, 0x03, 0x00, 0x00, 0x03,
        0x03, 0x00, 0x00, 0x00, 0x03, 0x00, 0x00, 0x03, 0x00, 0x00, 0x03, 0x03, 0x00, 0x00, 0x03, 0x03,
        0x00, 0x00, 0x03, 0x03, 0x00, 0x00, 0x03, 0x03, 0x03, 0x03, 0x03, 0x00, 0x00, 0x03, 0x03, 0x00,
        0x00, 0x03, 0x00, 0x00, 0x03, 0x03, 0x00, 0x00, 0x03, 0x00, 0x00, 0x03, 0x03, 0x00, 0x00, 0x03,
    },
    {
        0x03, 0x00, 0x03, 0x03, 0x03, 0x03, 0x00, 0x03, 0x03, 0x03, 0x00, 0x00, 0x03, 0x03, 0x00, 0x00,
        0x00, 0x03, 0x03, 0x03, 0x00, 0x00, 0x00, 0x03, 0x03, 0x03, 0x00, 0x00, 0x03, 0x00, 0x00, 0x03,
        0x03, 0x03, 0x00, 0x00, 0x03, 0x03, 0x00, 0x00, 0x00, 0x03, 0x03, 0x03, 0x00, 0x00, 0x00, 0x03,
        0x03, 0x00, 0x00, 0x00, 0x00, 0x03, 0x03, 0x03, 0x03, 0x03, 0x03, 0x03, 0x03, 0x00, 0x00, 0x03,
        0x03, 0x00, 0x00, 0x00, 0x03, 0x00, 0x00, 0x03, 0x00, 0x00, 0x03, 0x03, 0x00, 0x00, 0x03, 0x03,
        0x00, 0x00, 0x03, 0x03, 0x00, 0x00, 0x03, 0x03, 0x00, 0x00, 0x03, 0x00, 0x00, 0x03, 0x03, 0x00,
        0x00, 0x03, 0x00, 0x00, 0x03, 0x03, 0x00, 0x00, 0x03, 0x00, 0x00, 0x03, 0x03, 0x00, 0x00, 0x03,
    },
    {
        0x03, 0x03, 0x00, 0x00, 0x00, 0x00, 0x03, 0x03, 0x03, 0x03, 0x03, 0x03, 0x03, 0x03, 0x03, 0x03,
        0x03, 0x03, 0x03, 0x03, 0x03, 0x03, 0x03, 0x03, 0x03, 0x03, 0x03, 0x03, 0x03, 0x03, 0x00, 0x03,
        0x03, 0x03, 0x03, 0x03, 0x03, 0x03, 0x03, 0x03, 0x03, 0x03, 0x03, 0x03, 0x03, 0x03, 0x03, 0x03,
        0x03, 0x03, 0x03, 0x03, 0x03, 0x03, 0x03, 0x03, 0x03, 0x03, 0x03, 0x03, 0x03, 0x00, 0x00, 0x03,
        0x03, 0x03, 0x00, 0x00, 0x03, 0x00, 0x00, 0x03, 0x00, 0x00, 0x03, 0x03, 0x00, 0x00, 0x03, 0x03,
        0x00, 0x00, 0x03, 0x03, 0x03, 0x00, 0x00, 0x00, 0x00, 0x03, 0x03, 0x00, 0x00, 0x03, 0x03, 0x00,
        0x00, 0x03, 0x03, 0x00, 0x00, 0x00, 0x00, 0x00, 0x03, 0x03, 0x00, 0x00, 0x00, 0x00, 0x03, 0x03,
    },
};

/// Replacement title screen picture (palette index of every pixel).
static const u8 cTitleImage[96][200] = {
    {
        0x03, 0x03, 0x03, 0x03, 0x03, 0x03, 0x03, 0x03, 0x03, 0x03, 0x03, 0x03, 0x03, 0x03, 0x03, 0x03,
        0x03, 0x03, 0x03, 0x03, 0x03, 0x03, 0x03, 0x03, 0x03, 0x03, 0x03, 0x03, 0x03, 0x03, 0x03, 0x03,
        0x03, 0x03, 0x03, 0x03, 0x03, 0x03, 0x03, 0x03, 0x03, 0x03, 0x03, 0x03, 0x03, 0x03, 0x03, 0x03,
        0x03, 0x03, 0x03, 0x03, 0x03, 0x03, 0x03, 0x03, 0x03, 0x03, 0x03, 0x03, 0x03, 0x03, 0x03, 0x03,
        0x03, 0x03, 0x03, 0x03, 0x03, 0x03, 0x03, 0x03, 0x03, 0x03, 0x03, 0x03, 0x03, 0x03, 0x03, 0x03,
        0x03, 0x03, 0x03, 0x03, 0x03, 0x03, 0x03, 0x03, 0x03, 0x03, 0x03, 0x03, 0x03, 0x03, 0x03, 0x03,
        0x03, 0x03, 0x03, 0x03, 0x03, 0x03, 0x03, 0x03, 0x03, 0x03, 0x03, 0x03, 0x03, 0x03, 0x03, 0x03,
        0x03, 0x03, 0x03, 0x03, 0x03, 0x03, 0x03, 0x03, 0x03, 0x03, 0x03, 0x03, 0x03, 0x03, 0x03, 0x03,
        0x03, 0x03, 0x03, 0x03, 0x03, 0x03, 0x03, 0x03, 0x03, 0x03, 0x03, 0x03, 0x03, 0x03, 0x03, 0x03,
        0x03, 0x03, 0x03, 0x03, 0x03, 0x03, 0x03, 0x03, 0x03, 0x03, 0x03, 0x03, 0x03, 0x03, 0x03, 0x03,
        0x03, 0x03, 0x03, 0x03, 0x03, 0x03, 0x03, 0x03, 0x03, 0x03, 0x03, 0x03, 0x03, 0x03, 0x03, 0x03,
        0x03, 0x03, 0x03, 0x03, 0x03, 0x03, 0x03, 0x03, 0x03, 0x03, 0x03, 0x03, 0x03, 0x03, 0x03, 0x03,
        0x03, 0x03, 0x03, 0x03, 0x03, 0x03, 0x03, 0x03,
    },
    {
        0x03, 0x03, 0x03, 0x03, 0x03, 0x03, 0x03, 0x03, 0x03, 0x03, 0x03, 0x03, 0x03, 0x03, 0x03, 0x03,
        0x03, 0x03, 0x03, 0x03, 0x03, 0x03, 0x03, 0x03, 0x03, 0x03, 0x03, 0x03, 0x03, 0x03, 0x03, 0x03,
        0x03, 0x03, 0x03, 0x03, 0x03, 0x03, 0x03, 0x03, 0x03, 0x03, 0x03, 0x03, 0x03, 0x03, 0x03, 0x03,
        0x03, 0x03, 0x03, 0x03, 0x03, 0x03, 0x03, 0x03, 0x03, 0x03, 0x03, 0x03, 0x03, 0x03, 0x03, 0x03,
        0x03, 0x03, 0x03, 0x03, 0x03, 0x03, 0x03, 0x03, 0x03, 0x03, 0x03, 0x03, 0x03, 0x03, 0x03, 0x03,
        0x03, 0x03, 0x03, 0x03, 0x03, 0x03, 0x03, 0x03, 0x03, 0x03, 0x03, 0x03, 0x03, 0x03, 0x03, 0x03,
        0x03, 0x03, 0x03, 0x03, 0x03, 0x03, 0x03, 0x03, 0x03, 0x03, 0x03, 0x03, 0x03, 0x03, 0x03, 0x03,
        0x03, 0x03, 0x03, 0x03, 0x03, 0x03, 0x03, 0x03, 0x03, 0x03, 0x03, 0x03, 0x03, 0x03, 0x03, 0x03,
        0x03, 0x03, 0x03, 0x03, 0x03, 0x03, 0x03, 0x03, 0x03, 0x03, 0x03, 0x03, 0x03, 0x03, 0x03, 0x03,
        0x03, 0x03, 0x03, 0x03, 0x03, 0x03, 0x03, 0x03, 0x03, 0x03, 0x03, 0x03, 0x03, 0x03, 0x03, 0x03,
        0x03, 0x03, 0x03, 0x03, 0x03, 0x03, 0x03, 0x03, 0x03, 0x03, 0x03, 0x03, 0x03, 0x03, 0x03, 0x03,
        0x03, 0x03, 0x03, 0x03, 0x03, 0x03, 0x03, 0x03, 0x03, 0x03, 0x03, 0x03, 0x03, 0x03, 0x03, 0x03,
        0x03, 0x03, 0x03, 0x03, 0x03, 0x03, 0x03, 0x03,
    },
    {
        0x03, 0x03, 0x03, 0x03, 0x03, 0x03, 0x03, 0x03, 0x03, 0x03, 0x03, 0x03, 0x03, 0x03, 0x03, 0x03,
        0x03, 0x03, 0x03, 0x03, 0x03, 0x03, 0x03, 0x03, 0x03, 0x03, 0x03, 0x03, 0x03, 0x03, 0x03, 0x03,
        0x03, 0x03, 0x03, 0x03, 0x03, 0x03, 0x03, 0x03, 0x03, 0x03, 0x03, 0x03, 0x03, 0x03, 0x03, 0x03,
        0x03, 0x03, 0x03, 0x03, 0x03, 0x03, 0x03, 0x03, 0x03, 0x03, 0x03, 0x03, 0x03, 0x03, 0x03, 0x03,
        0x03, 0x03, 0x03, 0x03, 0x03, 0x03, 0x03, 0x03, 0x03, 0x03, 0x03, 0x03, 0x03, 0x03, 0x03, 0x03,
        0x03, 0x03, 0x03, 0x03, 0x03, 0x03, 0x03, 0x03, 0x03, 0x03, 0x03, 0x03, 0x03, 0x03, 0x03, 0x03,
        0x03, 0x03, 0x03, 0x03, 0x03, 0x03, 0x03, 0x03, 0x03, 0x03, 0x03, 0x03, 0x03, 0x03, 0x03, 0x03,
        0x03, 0x03, 0x03, 0x03, 0x03, 0x03, 0x03, 0x03, 0x03, 0x03, 0x03, 0x03, 0x03, 0x03, 0x03, 0x03,
        0x03, 0x03, 0x03, 0x03, 0x03, 0x03, 0x03, 0x03, 0x03, 0x03, 0x03, 0x03, 0x03, 0x03, 0x03, 0x03,
        0x03, 0x03, 0x03, 0x03, 0x03, 0x03, 0x03, 0x03, 0x03, 0x03, 0x03, 0x03, 0x03, 0x03, 0x03, 0x03,
        0x03, 0x03, 0x03, 0x03, 0x03, 0x03, 0x03, 0x03, 0x03, 0x03, 0x03, 0x03, 0x03, 0x03, 0x03, 0x03,
        0x03, 0x03, 0x03, 0x03, 0x03, 0x03, 0x03, 0x03, 0x03, 0x03, 0x03, 0x03, 0x03, 0x03, 0x03, 0x03,
        0x03, 0x03, 0x03, 0x03, 0x03, 0x03, 0x03, 0x03,
    },
    {
        0x03, 0x03, 0x03, 0x03, 0x03, 0x03, 0x03, 0x03, 0x03, 0x03, 0x03, 0x03, 0x03, 0x03, 0x03, 0x03,
        0x03, 0x03, 0x03, 0x03, 0x03, 0x03, 0x03, 0x03, 0x03, 0x03, 0x03, 0x03, 0x03, 0x03, 0x03, 0x03,
        0x03, 0x03, 0x03, 0x03, 0x03, 0x03, 0x03, 0x03, 0x03, 0x03, 0x03, 0x03, 0x03, 0x03, 0x03, 0x03,
        0x03, 0x03, 0x03, 0x03, 0x03, 0x03, 0x03, 0x03, 0x03, 0x03, 0x03, 0x03, 0x03, 0x03, 0x03, 0x03,
        0x03, 0x03, 0x03, 0x03, 0x03, 0x03, 0x03, 0x03, 0x03, 0x03, 0x03, 0x03, 0x03, 0x03, 0x03, 0x03,
        0x03, 0x03, 0x03, 0x03, 0x03, 0x03, 0x03, 0x03, 0x03, 0x03, 0x03, 0x03, 0x03, 0x03, 0x03, 0x03,
        0x03, 0x03, 0x03, 0x03, 0x03, 0x03, 0x03, 0x03, 0x03, 0x03, 0x03, 0x03, 0x03, 0x03, 0x03, 0x03,
        0x03, 0x03, 0x03, 0x03, 0x03, 0x03, 0x03, 0x03, 0x03, 0x03, 0x03, 0x03, 0x03, 0x03, 0x03, 0x03,
        0x03, 0x03, 0x03, 0x03, 0x03, 0x03, 0x03, 0x03, 0x03, 0x03, 0x03, 0x03, 0x03, 0x03, 0x03, 0x03,
        0x03, 0x03, 0x03, 0x03, 0x03, 0x03, 0x03, 0x03, 0x03, 0x03, 0x03, 0x03, 0x03, 0x03, 0x03, 0x03,
        0x03, 0x03, 0x03, 0x03, 0x03, 0x03, 0x03, 0x03, 0x03, 0x03, 0x03, 0x03, 0x03, 0x03, 0x03, 0x03,
        0x03, 0x03, 0x03, 0x03, 0x03, 0x03, 0x03, 0x03, 0x03, 0x03, 0x03, 0x03, 0x03, 0x03, 0x03, 0x03,
        0x03, 0x03, 0x03, 0x03, 0x03, 0x03, 0x03, 0x03,
    },
    {
        0x03, 0x03, 0x03, 0x03, 0x03, 0x03, 0x03, 0x03, 0x03, 0x03, 0x03, 0x03, 0x03, 0x03, 0x03, 0x03,
        0x03, 0x03, 0x03, 0x03, 0x03, 0x03, 0x03, 0x03, 0x03, 0x03, 0x03, 0x03, 0x03, 0x03, 0x03, 0x03,
        0x03, 0x03, 0x03, 0x03, 0x03, 0x03, 0x03, 0x03, 0x03, 0x03, 0x03, 0x03, 0x03, 0x03, 0x03, 0x03,
        0x03, 0x03, 0x03, 0x03, 0x03, 0x03, 0x03, 0x03, 0x03, 0x03, 0x03, 0x03, 0x03, 0x03, 0x03, 0x03,
        0x03, 0x03, 0x03, 0x03, 0x03, 0x03, 0x03, 0x03, 0x03, 0x03, 0x03, 0x03, 0x03, 0x03, 0x03, 0x03,
        0x03, 0x03, 0x03, 0x03, 0x03, 0x03, 0x03, 0x03, 0x03, 0x03, 0x03, 0x03, 0x03, 0x03, 0x03, 0x03,
        0x03, 0x03, 0x03, 0x03, 0x03, 0x03, 0x03, 0x03, 0x03, 0x03, 0x03, 0x03, 0x03, 0x03, 0x03, 0x03,
        0x03, 0x03, 0x03, 0x03, 0x03, 0x03, 0x03, 0x03, 0x03, 0x03, 0x03, 0x03, 0x03, 0x03, 0x03, 0x03,
        0x03, 0x03, 0x03, 0x03, 0x03, 0x03, 0x03, 0x03, 0x03, 0x03, 0x03, 0x03, 0x03, 0x03, 0x03, 0x03,
        0x03, 0x03, 0x03, 0x03, 0x03, 0x03, 0x03, 0x03, 0x03, 0x03, 0x03, 0x03, 0x03, 0x03, 0x03, 0x03,
        0x03, 0x03, 0x03, 0x03, 0x03, 0x03, 0x03, 0x03, 0x03, 0x03, 0x03, 0x03, 0x03, 0x03, 0x03, 0x03,
        0x03, 0x03, 0x03, 0x03, 0x03, 0x03, 0x03, 0x03, 0x03, 0x03, 0x03, 0x03, 0x03, 0x03, 0x03, 0x03,
        0x03, 0x03, 0x03, 0x03, 0x03, 0x03, 0x03, 0x03,
    },
    {
        0x03, 0x03, 0x03, 0x03, 0x03, 0x03, 0x03, 0x03, 0x03, 0x03, 0x03, 0x03, 0x03, 0x03, 0x03, 0x03,
        0x03, 0x03, 0x03, 0x03, 0x03, 0x03, 0x03, 0x03, 0x03, 0x03, 0x03, 0x03, 0x03, 0x03, 0x03, 0x03,
        0x03, 0x03, 0x03, 0x03, 0x03, 0x03, 0x03, 0x03, 0x03, 0x03, 0x03, 0x03, 0x03, 0x03, 0x03, 0x03,
        0x03, 0x03, 0x03, 0x03, 0x03, 0x03, 0x03, 0x03, 0x03, 0x03, 0x03, 0x03, 0x03, 0x03, 0x03, 0x03,
        0x03, 0x03, 0x03, 0x03, 0x03, 0x03, 0x03, 0x03, 0x03, 0x03, 0x03, 0x03, 0x03, 0x03, 0x03, 0x03,
        0x03, 0x03, 0x03, 0x03, 0x03, 0x03, 0x03, 0x03, 0x03, 0x03, 0x03, 0x03, 0x03, 0x03, 0x03, 0x03,
        0x03, 0x03, 0x03, 0x03, 0x03, 0x03, 0x03, 0x03, 0x03, 0x03, 0x03, 0x03, 0x03, 0x03, 0x03, 0x03,
        0x03, 0x03, 0x03, 0x03, 0x03, 0x03, 0x03, 0x03, 0x03, 0x03, 0x03, 0x03, 0x03, 0x03, 0x03, 0x03,
        0x03, 0x03, 0x03, 0x03, 0x03, 0x03, 0x03, 0x03, 0x03, 0x03, 0x03, 0x03, 0x03, 0x03, 0x03, 0x03,
        0x03, 0x03, 0x03, 0x03, 0x03, 0x03, 0x03, 0x03, 0x03, 0x03, 0x03, 0x03, 0x03, 0x03, 0x03, 0x03,
        0x03, 0x03, 0x03, 0x03, 0x03, 0x03, 0x03, 0x03, 0x03, 0x03, 0x03, 0x03, 0x03, 0x03, 0x03, 0x03,
        0x03, 0x03, 0x03, 0x03, 0x03, 0x03, 0x03, 0x03, 0x03, 0x03, 0x03, 0x03, 0x03, 0x03, 0x03, 0x03,
        0x03, 0x03, 0x03, 0x03, 0x03, 0x03, 0x03, 0x03,
    },
    {
        0x03, 0x03, 0x03, 0x03, 0x03, 0x03, 0x03, 0x03, 0x03, 0x03, 0x03, 0x03, 0x03, 0x03, 0x03, 0x03,
        0x03, 0x03, 0x03, 0x03, 0x03, 0x03, 0x03, 0x03, 0x03, 0x03, 0x03, 0x03, 0x03, 0x03, 0x03, 0x03,
        0x03, 0x03, 0x03, 0x03, 0x03, 0x03, 0x03, 0x03, 0x03, 0x03, 0x03, 0x03, 0x03, 0x03, 0x03, 0x03,
        0x03, 0x03, 0x03, 0x03, 0x03, 0x03, 0x03, 0x03, 0x03, 0x03, 0x03, 0x03, 0x03, 0x03, 0x03, 0x03,
        0x03, 0x03, 0x03, 0x03, 0x03, 0x03, 0x03, 0x03, 0x03, 0x03, 0x03, 0x03, 0x03, 0x03, 0x03, 0x03,
        0x03, 0x03, 0x03, 0x03, 0x03, 0x03, 0x03, 0x03, 0x03, 0x03, 0x03, 0x03, 0x03, 0x03, 0x03, 0x03,
        0x03, 0x03, 0x03, 0x03, 0x03, 0x03, 0x03, 0x03, 0x03, 0x03, 0x03, 0x03, 0x03, 0x03, 0x03, 0x03,
        0x03, 0x03, 0x03, 0x03, 0x03, 0x03, 0x03, 0x03, 0x03, 0x03, 0x03, 0x03, 0x03, 0x03, 0x03, 0x03,
        0x03, 0x03, 0x03, 0x03, 0x03, 0x03, 0x03, 0x03, 0x03, 0x03, 0x03, 0x03, 0x03, 0x03, 0x03, 0x03,
        0x03, 0x03, 0x03, 0x03, 0x03, 0x03, 0x03, 0x03, 0x03, 0x03, 0x03, 0x03, 0x03, 0x03, 0x03, 0x03,
        0x03, 0x03, 0x03, 0x03, 0x03, 0x03, 0x03, 0x03, 0x03, 0x03, 0x03, 0x03, 0x03, 0x03, 0x03, 0x03,
        0x03, 0x03, 0x03, 0x03, 0x03, 0x03, 0x03, 0x03, 0x03, 0x03, 0x03, 0x03, 0x03, 0x03, 0x03, 0x03,
        0x03, 0x03, 0x03, 0x03, 0x03, 0x03, 0x03, 0x03,
    },
    {
        0x03, 0x03, 0x03, 0x03, 0x03, 0x03, 0x03, 0x03, 0x03, 0x03, 0x03, 0x03, 0x03, 0x03, 0x03, 0x03,
        0x03, 0x03, 0x03, 0x03, 0x03, 0x03, 0x03, 0x03, 0x03, 0x03, 0x03, 0x03, 0x03, 0x03, 0x03, 0x03,
        0x03, 0x03, 0x03, 0x03, 0x03, 0x03, 0x03, 0x03, 0x03, 0x03, 0x03, 0x03, 0x03, 0x03, 0x03, 0x03,
        0x03, 0x03, 0x03, 0x03, 0x03, 0x03, 0x03, 0x03, 0x03, 0x03, 0x03, 0x03, 0x03, 0x03, 0x03, 0x03,
        0x03, 0x03, 0x03, 0x03, 0x03, 0x03, 0x03, 0x03, 0x03, 0x03, 0x03, 0x03, 0x03, 0x03, 0x03, 0x03,
        0x03, 0x03, 0x03, 0x03, 0x03, 0x03, 0x03, 0x03, 0x03, 0x03, 0x03, 0x03, 0x03, 0x03, 0x03, 0x03,
        0x03, 0x03, 0x03, 0x03, 0x03, 0x03, 0x03, 0x03, 0x03, 0x03, 0x03, 0x03, 0x03, 0x03, 0x03, 0x03,
        0x03, 0x03, 0x03, 0x03, 0x03, 0x03, 0x03, 0x03, 0x03, 0x03, 0x03, 0x03, 0x03, 0x03, 0x03, 0x03,
        0x03, 0x03, 0x03, 0x03, 0x03, 0x03, 0x03, 0x03, 0x03, 0x03, 0x03, 0x03, 0x03, 0x03, 0x03, 0x03,
        0x03, 0x03, 0x03, 0x03, 0x03, 0x03, 0x03, 0x03, 0x03, 0x03, 0x03, 0x03, 0x03, 0x03, 0x03, 0x03,
        0x03, 0x03, 0x03, 0x03, 0x03, 0x03, 0x03, 0x03, 0x03, 0x03, 0x03, 0x03, 0x03, 0x03, 0x03, 0x03,
        0x03, 0x03, 0x03, 0x03, 0x03, 0x03, 0x03, 0x03, 0x03, 0x03, 0x03, 0x03, 0x03, 0x03, 0x03, 0x03,
        0x03, 0x03, 0x03, 0x03, 0x03, 0x03, 0x03, 0x03,
    },
    {
        0x0a, 0x0a, 0x0a, 0x0a, 0x0a, 0x0a, 0x0a, 0x0a, 0x0a, 0x0a, 0x0a, 0x0a, 0x0a, 0x0a, 0x0a, 0x0a,
        0x0a, 0x0a, 0x0a, 0x0a, 0x0a, 0x0a, 0x0a, 0x0a, 0x0a, 0x0a, 0x0a, 0x0a, 0x0a, 0x0a, 0x0a, 0x0a,
        0x0a, 0x0a, 0x0a, 0x0a, 0x0a, 0x0a, 0x0a, 0x0a, 0x0a, 0x0a, 0x0a, 0x0a, 0x0a, 0x0a, 0x0a, 0x0a,
        0x0a, 0x0a, 0x0a, 0x0a, 0x0a, 0x0a, 0x0a, 0x0a, 0x0a, 0x0a, 0x0a, 0x0a, 0x0a, 0x0a, 0x0a, 0x0a,
        0x0a, 0x0a, 0x0a, 0x0a, 0x0a, 0x0a, 0x0a, 0x0a, 0x0a, 0x0a, 0x0a, 0x0a, 0x0a, 0x0a, 0x0a, 0x0a,
        0x0a, 0x0a, 0x0a, 0x0a, 0x0a, 0x0a, 0x0a, 0x0a, 0x0a, 0x0a, 0x0a, 0x0a, 0x0a, 0x0a, 0x0a, 0x0a,
        0x0a, 0x0a, 0x0a, 0x0a, 0x0a, 0x0a, 0x0a, 0x0a, 0x0a, 0x0a, 0x0a, 0x0a, 0x0a, 0x0a, 0x0a, 0x0a,
        0x0a, 0x0a, 0x0a, 0x0a, 0x0a, 0x0a, 0x0a, 0x0a, 0x0a, 0x0a, 0x0a, 0x0a, 0x0a, 0x0a, 0x0a, 0x0a,
        0x0a, 0x0a, 0x0a, 0x0a, 0x0a, 0x0a, 0x0a, 0x0a, 0x0a, 0x0a, 0x0a, 0x0a, 0x0a, 0x0a, 0x0a, 0x0a,
        0x0a, 0x0a, 0x0a, 0x0a, 0x0a, 0x0a, 0x0a, 0x0a, 0x0a, 0x0a, 0x0a, 0x0a, 0x0a, 0x0a, 0x0a, 0x0a,
        0x0a, 0x0a, 0x0a, 0x0a, 0x0a, 0x0a, 0x0a, 0x0a, 0x0a, 0x0a, 0x0a, 0x0a, 0x0a, 0x0a, 0x0a, 0x0a,
        0x0a, 0x0a, 0x0a, 0x0a, 0x0a, 0x0a, 0x0a, 0x0a, 0x0a, 0x0a, 0x0a, 0x0a, 0x0a, 0x0a, 0x0a, 0x0a,
        0x0a, 0x0a, 0x0a, 0x0a, 0x0a, 0x0a, 0x0a, 0x0a,
    },
    {
        0x0a, 0x0a, 0x0a, 0x0a, 0x0a, 0x0a, 0x0a, 0x0a, 0x0a, 0x0a, 0x0a, 0x0a, 0x0a, 0x0a, 0x0a, 0x0a,
        0x0a, 0x0a, 0x0a, 0x0a, 0x0a, 0x0a, 0x0a, 0x0a, 0x0a, 0x0a, 0x0a, 0x0a, 0x0a, 0x0a, 0x0a, 0x0a,
        0x0a, 0x0a, 0x0a, 0x0a, 0x0a, 0x0a, 0x0a, 0x0a, 0x0a, 0x0a, 0x0a, 0x0a, 0x0a, 0x0a, 0x0a, 0x0a,
        0x0a, 0x0a, 0x0a, 0x0a, 0x0a, 0x0a, 0x0a, 0x0a, 0x0a, 0x0a, 0x0a, 0x0a, 0x0a, 0x0a, 0x0a, 0x0a,
        0x0a, 0x0a, 0x0a, 0x0a, 0x0a, 0x0a, 0x0a, 0x0a, 0x0a, 0x0a, 0x0a, 0x0a, 0x0a, 0x0a, 0x0a, 0x0a,
        0x0a, 0x0a, 0x0a, 0x0a, 0x0a, 0x0a, 0x0a, 0x0a, 0x0a, 0x0a, 0x0a, 0x0a, 0x0a, 0x0a, 0x0a, 0x0a,
        0x0a, 0x0a, 0x0a, 0x0a, 0x0a, 0x0a, 0x0a, 0x0a, 0x0a, 0x0a, 0x0a, 0x0a, 0x0a, 0x0a, 0x0a, 0x0a,
        0x0a, 0x0a, 0x0a, 0x0a, 0x0a, 0x0a, 0x0a, 0x0a, 0x0a, 0x0a, 0x0a, 0x0a, 0x0a, 0x0a, 0x0a, 0x0a,
        0x0a, 0x0a, 0x0a, 0x0a, 0x0a, 0x0a, 0x0a, 0x0a, 0x0a, 0x0a, 0x0a, 0x0a, 0x0a, 0x0a, 0x0a, 0x0a,
        0x0a, 0x0a, 0x0a, 0x0a, 0x0a, 0x0a, 0x0a, 0x0a, 0x0a, 0x0a, 0x0a, 0x0a, 0x0a, 0x0a, 0x0a, 0x0a,
        0x0a, 0x0a, 0x0a, 0x0a, 0x0a, 0x0a, 0x0a, 0x0a, 0x0a, 0x0a, 0x0a, 0x0a, 0x0a, 0x0a, 0x0a, 0x0a,
        0x0a, 0x0a, 0x0a, 0x0a, 0x0a, 0x0a, 0x0a, 0x0a, 0x0a, 0x0a, 0x0a, 0x0a, 0x0a, 0x0a, 0x0a, 0x0a,
        0x0a, 0x0a, 0x0a, 0x0a, 0x0a, 0x0a, 0x0a, 0x0a,
    },
    {
        0x0a, 0x0a, 0x0a, 0x0a, 0x0a, 0x0a, 0x0a, 0x0a, 0x0a, 0x0a, 0x0a, 0x0a, 0x0a, 0x0a, 0x0a, 0x0a,
        0x0a, 0x0a, 0x0a, 0x0a, 0x0a, 0x0a, 0x0a, 0x0a, 0x0a, 0x0a, 0x0a, 0x0a, 0x0a, 0x0a, 0x0a, 0x0a,
        0x0a, 0x0a, 0x0a, 0x0a, 0x0a, 0x0a, 0x0a, 0x0a, 0x0a, 0x0a, 0x0a, 0x0a, 0x0a, 0x0a, 0x0a, 0x0a,
        0x0a, 0x0a, 0x0a, 0x0a, 0x0a, 0x0a, 0x0a, 0x0a, 0x0a, 0x0a, 0x0a, 0x0a, 0x0a, 0x0a, 0x0a, 0x0a,
        0x0a, 0x0a, 0x0a, 0x0a, 0x0a, 0x0a, 0x0a, 0x0a, 0x0a, 0x0a, 0x0a, 0x0a, 0x0a, 0x0a, 0x0a, 0x0a,
        0x0a, 0x0a, 0x0a, 0x0a, 0x0a, 0x0a, 0x0a, 0x0a, 0x0a, 0x0a, 0x0a, 0x0a, 0x0a, 0x0a, 0x0a, 0x0a,
        0x0a, 0x0a, 0x0a, 0x0a, 0x0a, 0x0a, 0x0a, 0x0a, 0x0a, 0x0a, 0x0a, 0x0a, 0x0a, 0x0a, 0x0a, 0x0a,
        0x0a, 0x0a, 0x0a, 0x0a, 0x0a, 0x0a, 0x0a, 0x0a, 0x0a, 0x0a, 0x0a, 0x0a, 0x0a, 0x0a, 0x0a, 0x0a,
        0x0a, 0x0a, 0x0a, 0x0a, 0x0a, 0x0a, 0x0a, 0x0a, 0x0a, 0x0a, 0x0a, 0x0a, 0x0a, 0x0a, 0x0a, 0x0a,
        0x0a, 0x0a, 0x0a, 0x0a, 0x0a, 0x0a, 0x0a, 0x0a, 0x0a, 0x0a, 0x0a, 0x0a, 0x0a, 0x0a, 0x0a, 0x0a,
        0x0a, 0x0a, 0x0a, 0x0a, 0x0a, 0x0a, 0x0a, 0x0a, 0x0a, 0x0a, 0x0a, 0x0a, 0x0a, 0x0a, 0x0a, 0x0a,
        0x0a, 0x0a, 0x0a, 0x0a, 0x0a, 0x0a, 0x0a, 0x0a, 0x0a, 0x0a, 0x0a, 0x0a, 0x0a, 0x0a, 0x0a, 0x0a,
        0x0a, 0x0a, 0x0a, 0x0a, 0x0a, 0x0a, 0x0a, 0x0a,
    },
    {
        0x0a, 0x0a, 0x0a, 0x0a, 0x0a, 0x0a, 0x0a, 0x0a, 0x0a, 0x0a, 0x0a, 0x0a, 0x0a, 0x0a, 0x0a, 0x0a,
        0x0a, 0x0a, 0x0a, 0x0a, 0x0a, 0x0a, 0x0a, 0x0a, 0x0a, 0x0a, 0x0a, 0x0a, 0x0a, 0x0a, 0x0a, 0x0a,
        0x0a, 0x0a, 0x0a, 0x0a, 0x0a, 0x0a, 0x0a, 0x0a, 0x0a, 0x0a, 0x0a, 0x0a, 0x0a, 0x0a, 0x0a, 0x0a,
        0x0a, 0x0a, 0x0a, 0x0a, 0x0a, 0x0a, 0x0a, 0x0a, 0x0a, 0x0a, 0x0a, 0x0a, 0x0a, 0x0a, 0x0a, 0x0a,
        0x0a, 0x0a, 0x0a, 0x0a, 0x0a, 0x0a, 0x0a, 0x0a, 0x0a, 0x0a, 0x0a, 0x0a, 0x0a, 0x0a, 0x0a, 0x0a,
        0x0a, 0x0a, 0x0a, 0x0a, 0x0a, 0x0a, 0x0a, 0x0a, 0x0a, 0x0a, 0x0a, 0x0a, 0x0a, 0x0a, 0x0a, 0x0a,
        0x0a, 0x0a, 0x0a, 0x0a, 0x0a, 0x0a, 0x0a, 0x0a, 0x0a, 0x0a, 0x0a, 0x0a, 0x0a, 0x0a, 0x0a, 0x0a,
        0x0a, 0x0a, 0x0a, 0x0a, 0x0a, 0x0a, 0x0a, 0x0a, 0x0a, 0x0a, 0x0a, 0x0a, 0x0a, 0x0a, 0x0a, 0x0a,
        0x0a, 0x0a, 0x0a, 0x0a, 0x0a, 0x0a, 0x0a, 0x0a, 0x0a, 0x0a, 0x0a, 0x0a, 0x0a, 0x0a, 0x0a, 0x0a,
        0x0a, 0x0a, 0x0a, 0x0a, 0x0a, 0x0a, 0x0a, 0x0a, 0x0a, 0x0a, 0x0a, 0x0a, 0x0a, 0x0a, 0x0a, 0x0a,
        0x0a, 0x0a, 0x0a, 0x0a, 0x0a, 0x0a, 0x0a, 0x0a, 0x0a, 0x0a, 0x0a, 0x0a, 0x0a, 0x0a, 0x0a, 0x0a,
        0x0a, 0x0a, 0x0a, 0x0a, 0x0a, 0x0a, 0x0a, 0x0a, 0x0a, 0x0a, 0x0a, 0x0a, 0x0a, 0x0a, 0x0a, 0x0a,
        0x0a, 0x0a, 0x0a, 0x0a, 0x0a, 0x0a, 0x0a, 0x0a,
    },
    {
        0x0a, 0x0a, 0x0a, 0x0a, 0x0a, 0x0a, 0x0a, 0x0a, 0x0a, 0x0a, 0x0a, 0x0a, 0x0a, 0x0a, 0x0a, 0x0a,
        0x0a, 0x0a, 0x0a, 0x0a, 0x0a, 0x0a, 0x0a, 0x0a, 0x0a, 0x0a, 0x0a, 0x0a, 0x0a, 0x0a, 0x0a, 0x0a,
        0x0a, 0x0a, 0x0a, 0x0a, 0x0a, 0x0a, 0x0a, 0x0a, 0x0a, 0x0a, 0x0a, 0x0a, 0x0a, 0x0a, 0x0a, 0x0a,
        0x0a, 0x0a, 0x0a, 0x0a, 0x0a, 0x0a, 0x0a, 0x0a, 0x0a, 0x0a, 0x0a, 0x0a, 0x0a, 0x0a, 0x0a, 0x0a,
        0x0a, 0x0a, 0x0a, 0x0a, 0x0a, 0x0a, 0x0a, 0x0a, 0x0a, 0x0a, 0x0a, 0x0a, 0x0a, 0x0a, 0x0a, 0x0a,
        0x0a, 0x0a, 0x0a, 0x0a, 0x0a, 0x0a, 0x0a, 0x0a, 0x0a, 0x0a, 0x0a, 0x0a, 0x0a, 0x0a, 0x0a, 0x0a,
        0x0a, 0x0a, 0x0a, 0x0a, 0x0a, 0x0a, 0x0a, 0x0a, 0x0a, 0x0a, 0x0a, 0x0a, 0x0a, 0x0a, 0x0a, 0x0a,
        0x0a, 0x0a, 0x0a, 0x0a, 0x0a, 0x0a, 0x0a, 0x0a, 0x0a, 0x0a, 0x0a, 0x0a, 0x0a, 0x0a, 0x0a, 0x0a,
        0x0a, 0x0a, 0x0a, 0x0a, 0x0a, 0x0a, 0x0a, 0x0a, 0x0a, 0x0a, 0x0a, 0x0a, 0x0a, 0x0a, 0x0a, 0x0a,
        0x0a, 0x0a, 0x0a, 0x0a, 0x0a, 0x0a, 0x0a, 0x0a, 0x0a, 0x0a, 0x0a, 0x0a, 0x0a, 0x0a, 0x0a, 0x0a,
        0x0a, 0x0a, 0x0a, 0x0a, 0x0a, 0x0a, 0x0a, 0x0a, 0x0a, 0x0a, 0x0a, 0x0a, 0x0a, 0x0a, 0x0a, 0x0a,
        0x0a, 0x0a, 0x0a, 0x0a, 0x0a, 0x0a, 0x0a, 0x0a, 0x0a, 0x0a, 0x0a, 0x0a, 0x0a, 0x0a, 0x0a, 0x0a,
        0x0a, 0x0a, 0x0a, 0x0a, 0x0a, 0x0a, 0x0a, 0x0a,
    },
    {
        0x0a, 0x0a, 0x0a, 0x0a, 0x0a, 0x0a, 0x0a, 0x0a, 0x0a, 0x0a, 0x0a, 0x0a, 0x0a, 0x0a, 0x0a, 0x0a,
        0x0a, 0x0a, 0x0a, 0x0a, 0x0a, 0x0a, 0x0a, 0x0a, 0x0a, 0x0a, 0x0a, 0x0a, 0x0a, 0x0a, 0x0a, 0x0a,
        0x0a, 0x0a, 0x0a, 0x0a, 0x0a, 0x0a, 0x0a, 0x0a, 0x0a, 0x0a, 0x0a, 0x0a, 0x0a, 0x0a, 0x0a, 0x0a,
        0x0a, 0x0a, 0x0a, 0x0a, 0x0a, 0x0a, 0x0a, 0x0a, 0x0a, 0x0a, 0x0a, 0x0a, 0x0a, 0x0a, 0x0a, 0x0a,
        0x0a, 0x0a, 0x0a, 0x0a, 0x0a, 0x0a, 0x0a, 0x0a, 0x0a, 0x0a, 0x0a, 0x0a, 0x0a, 0x0a, 0x0a, 0x0a,
        0x0a, 0x0a, 0x0a, 0x0a, 0x0a, 0x0a, 0x0a, 0x0a, 0x0a, 0x0a, 0x0a, 0x0a, 0x0a, 0x0a, 0x0a, 0x0a,
        0x0a, 0x0a, 0x0a, 0x0a, 0x0a, 0x0a, 0x0a, 0x0a, 0x0a, 0x0a, 0x0a, 0x0a, 0x0a, 0x0a, 0x0a, 0x0a,
        0x0a, 0x0a, 0x0a, 0x0a, 0x0a, 0x0a, 0x0a, 0x0a, 0x0a, 0x0a, 0x0a, 0x0a, 0x0a, 0x0a, 0x0a, 0x0a,
        0x0a, 0x0a, 0x0a, 0x0a, 0x0a, 0x0a, 0x0a, 0x0a, 0x0a, 0x0a, 0x0a, 0x0a, 0x0a, 0x0a, 0x0a, 0x0a,
        0x0a, 0x0a, 0x0a, 0x0a, 0x0a, 0x0a, 0x0a, 0x0a, 0x0a, 0x0a, 0x0a, 0x0a, 0x0a, 0x0a, 0x0a, 0x0a,
        0x0a, 0x0a, 0x0a, 0x0a, 0x0a, 0x0a, 0x0a, 0x0a, 0x0a, 0x0a, 0x0a, 0x0a, 0x0a, 0x0a, 0x0a, 0x0a,
        0x0a, 0x0a, 0x0a, 0x0a, 0x0a, 0x0a, 0x0a, 0x0a, 0x0a, 0x0a, 0x0a, 0x0a, 0x0a, 0x0a, 0x0a, 0x0a,
        0x0a, 0x0a, 0x0a, 0x0a, 0x0a, 0x0a, 0x0a, 0x0a,
    },
    {
        0x0a, 0x0a, 0x0a, 0x0a, 0x0a, 0x0a, 0x0a, 0x0a, 0x0a, 0x0a, 0x0a, 0x0a, 0x0a, 0x0a, 0x0a, 0x0a,
        0x0a, 0x0a, 0x0a, 0x0a, 0x0a, 0x0a, 0x0a, 0x0a, 0x0a, 0x0a, 0x0a, 0x0a, 0x0a, 0x0a, 0x0a, 0x0a,
        0x0a, 0x0a, 0x0a, 0x0a, 0x0a, 0x0a, 0x0a, 0x0a, 0x0a, 0x0a, 0x0a, 0x0a, 0x0a, 0x0a, 0x0a, 0x0a,
        0x0a, 0x0a, 0x0a, 0x0a, 0x0a, 0x0a, 0x0a, 0x0a, 0x0a, 0x0a, 0x0a, 0x0a, 0x0a, 0x0a, 0x0a, 0x0a,
        0x0a, 0x0a, 0x0a, 0x0a, 0x0a, 0x0a, 0x0a, 0x0a, 0x0a, 0x0a, 0x0a, 0x0a, 0x0a, 0x0a, 0x0a, 0x0a,
        0x0a, 0x0a, 0x0a, 0x0a, 0x0a, 0x0a, 0x0a, 0x0a, 0x0a, 0x0a, 0x0a, 0x0a, 0x0a, 0x0a, 0x0a, 0x0a,
        0x0a, 0x0a, 0x0a, 0x0a, 0x0a, 0x0a, 0x0a, 0x0a, 0x0a, 0x0a, 0x0a, 0x0a, 0x0a, 0x0a, 0x0a, 0x0a,
        0x0a, 0x0a, 0x0a, 0x0a, 0x0a, 0x0a, 0x0a, 0x0a, 0x0a, 0x0a, 0x0a, 0x0a, 0x0a, 0x0a, 0x0a, 0x0a,
        0x0a, 0x0a, 0x0a, 0x0a, 0x0a, 0x0a, 0x0a, 0x0a, 0x0a, 0x0a, 0x0a, 0x0a, 0x0a, 0x0a, 0x0a, 0x0a,
        0x0a, 0x0a, 0x0a, 0x0a, 0x0a, 0x0a, 0x0a, 0x0a, 0x0a, 0x0a, 0x0a, 0x0a, 0x0a, 0x0a, 0x0a, 0x0a,
        0x0a, 0x0a, 0x0a, 0x0a, 0x0a, 0x0a, 0x0a, 0x0a, 0x0a, 0x0a, 0x0a, 0x0a, 0x0a, 0x0a, 0x0a, 0x0a,
        0x0a, 0x0a, 0x0a, 0x0a, 0x0a, 0x0a, 0x0a, 0x0a, 0x0a, 0x0a, 0x0a, 0x0a, 0x0a, 0x0a, 0x0a, 0x0a,
        0x0a, 0x0a, 0x0a, 0x0a, 0x0a, 0x0a, 0x0a, 0x0a,
    },
    {
        0x0a, 0x0a, 0x0a, 0x0a, 0x0a, 0x0a, 0x0a, 0x0a, 0x0a, 0x0a, 0x0a, 0x0a, 0x0a, 0x0a, 0x0a, 0x0a,
        0x0a, 0x0a, 0x0a, 0x0a, 0x0a, 0x0a, 0x0a, 0x0a, 0x0a, 0x0a, 0x0a, 0x0a, 0x0a, 0x0a, 0x0a, 0x0a,
        0x0a, 0x0a, 0x0a, 0x0a, 0x0a, 0x0a, 0x0a, 0x0a, 0x0a, 0x0a, 0x0a, 0x0a, 0x0a, 0x0a, 0x0a, 0x0a,
        0x0a, 0x0a, 0x0a, 0x0a, 0x0a, 0x0a, 0x0a, 0x0a, 0x0a, 0x0a, 0x0a, 0x0a, 0x0a, 0x0a, 0x0a, 0x0a,
        0x0a, 0x0a, 0x0a, 0x0a, 0x0a, 0x0a, 0x0a, 0x0a, 0x0a, 0x0a, 0x0a, 0x0a, 0x0a, 0x0a, 0x0a, 0x0a,
        0x0a, 0x0a, 0x0a, 0x0a, 0x0a, 0x0a, 0x0a, 0x0a, 0x0a, 0x0a, 0x0a, 0x0a, 0x0a, 0x0a, 0x0a, 0x0a,
        0x0a, 0x0a, 0x0a, 0x0a, 0x0a, 0x0a, 0x0a, 0x0a, 0x0a, 0x0a, 0x0a, 0x0a, 0x0a, 0x0a, 0x0a, 0x0a,
        0x0a, 0x0a, 0x0a, 0x0a, 0x0a, 0x0a, 0x0a, 0x0a, 0x0a, 0x0a, 0x0a, 0x0a, 0x0a, 0x0a, 0x0a, 0x0a,
        0x0a, 0x0a, 0x0a, 0x0a, 0x0a, 0x0a, 0x0a, 0x0a, 0x0a, 0x0a, 0x0a, 0x0a, 0x0a, 0x0a, 0x0a, 0x0a,
        0x0a, 0x0a, 0x0a, 0x0a, 0x0a, 0x0a, 0x0a, 0x0a, 0x0a, 0x0a, 0x0a, 0x0a, 0x0a, 0x0a, 0x0a, 0x0a,
        0x0a, 0x0a, 0x0a, 0x0a, 0x0a, 0x0a, 0x0a, 0x0a, 0x0a, 0x0a, 0x0a, 0x0a, 0x0a, 0x0a, 0x0a, 0x0a,
        0x0a, 0x0a, 0x0a, 0x0a, 0x0a, 0x0a, 0x0a, 0x0a, 0x0a, 0x0a, 0x0a, 0x0a, 0x0a, 0x0a, 0x0a, 0x0a,
        0x0a, 0x0a, 0x0a, 0x0a, 0x0a, 0x0a, 0x0a, 0x0a,
    },
    {
        0x0a, 0x0a, 0x0a, 0x0a, 0x0a, 0x0a, 0x0a, 0x0a, 0x0a, 0x0a, 0x0a, 0x0a, 0x0a, 0x0a, 0x0a, 0x0a,
        0x0a, 0x0a, 0x0a, 0x0a, 0x0a, 0x0a, 0x0a, 0x0a, 0x0a, 0x0a, 0x0a, 0x0a, 0x0a, 0x0a, 0x0a, 0x0a,
        0x0a, 0x0a, 0x0a, 0x0a, 0x0a, 0x0a, 0x0a, 0x0a, 0x0a, 0x0a, 0x0a, 0x0a, 0x0a, 0x0a, 0x0a, 0x0a,
        0x0a, 0x0a, 0x0a, 0x0a, 0x0a, 0x0a, 0x0a, 0x0a, 0x0a, 0x0a, 0x0a, 0x0a, 0x0a, 0x0a, 0x0a, 0x0a,
        0x0a, 0x0a, 0x0a, 0x0a, 0x0a, 0x0a, 0x0a, 0x0a, 0x0a, 0x0a, 0x0a, 0x0a, 0x0a, 0x0a, 0x0a, 0x0a,
        0x0a, 0x0a, 0x0a, 0x0a, 0x0a, 0x0a, 0x0a, 0x0a, 0x0a, 0x0a, 0x0a, 0x0a, 0x0a, 0x0a, 0x0a, 0x0a,
        0x0a, 0x0a, 0x0a, 0x0a, 0x0a, 0x0a, 0x0a, 0x0a, 0x09, 0x09, 0x09, 0x09, 0x0a, 0x0a, 0x0a, 0x0a,
        0x0a, 0x0a, 0x0a, 0x0a, 0x0a, 0x0a, 0x0a, 0x0a, 0x0a, 0x0a, 0x0a, 0x0a, 0x0a, 0x0a, 0x0a, 0x0a,
        0x0a, 0x0a, 0x0a, 0x0a, 0x0a, 0x0a, 0x0a, 0x0a, 0x0a, 0x0a, 0x0a, 0x0a, 0x0a, 0x0a, 0x0a, 0x0a,
        0x0a, 0x0a, 0x0a, 0x0a, 0x0a, 0x0a, 0x0a, 0x0a, 0x0a, 0x0a, 0x0a, 0x0a, 0x0a, 0x0a, 0x0a, 0x0a,
        0x0a, 0x0a, 0x0a, 0x0a, 0x0a, 0x0a, 0x0a, 0x0a, 0x0a, 0x0a, 0x0a, 0x0a, 0x0a, 0x0a, 0x0a, 0x0a,
        0x0a, 0x0a, 0x0a, 0x0a, 0x0a, 0x0a, 0x0a, 0x0a, 0x0a, 0x0a, 0x0a, 0x0a, 0x0a, 0x0a, 0x0a, 0x0a,
        0x0a, 0x0a, 0x0a, 0x0a, 0x0a, 0x0a, 0x0a, 0x0a,
    },
    {
        0x0a, 0x0a, 0x0a, 0x0a, 0x0a, 0x0a, 0x0a, 0x0a, 0x0a, 0x0a, 0x0a, 0x0a, 0x0a, 0x0a, 0x0a, 0x0a,
        0x0a, 0x0a, 0x0a, 0x0a, 0x0a, 0x0a, 0x0a, 0x0a, 0x0a, 0x0a, 0x0a, 0x0a, 0x0a, 0x0a, 0x0a, 0x0a,
        0x0a, 0x0a, 0x0a, 0x0a, 0x0a, 0x0a, 0x0a, 0x0a, 0x0a, 0x0a, 0x0a, 0x0a, 0x0a, 0x0a, 0x0a, 0x0a,
        0x0a, 0x0a, 0x0a, 0x0a, 0x0a, 0x0a, 0x0a, 0x0a, 0x0a, 0x0a, 0x0a, 0x0a, 0x0a, 0x0a, 0x0a, 0x0a,
        0x0a, 0x0a, 0x0a, 0x0a, 0x0a, 0x0a, 0x0a, 0x0a, 0x0a, 0x0a, 0x0a, 0x0a, 0x0a, 0x0a, 0x0a, 0x0a,
        0x0a, 0x0a, 0x0a, 0x0a, 0x0a, 0x0a, 0x0a, 0x0a, 0x0a, 0x0a, 0x0a, 0x0a, 0x0a, 0x0a, 0x0a, 0x0a,
        0x0a, 0x0a, 0x0a, 0x0a, 0x0a, 0x0a, 0x0a, 0x0a, 0x09, 0x09, 0x09, 0x09, 0x09, 0x09, 0x09, 0x09,
        0x0a, 0x0a, 0x0a, 0x0a, 0x0a, 0x0a, 0x0a, 0x0a, 0x0a, 0x0a, 0x0a, 0x0a, 0x0a, 0x0a, 0x0a, 0x0a,
        0x0a, 0x0a, 0x0a, 0x0a, 0x0a, 0x0a, 0x0a, 0x0a, 0x0a, 0x0a, 0x0a, 0x0a, 0x0a, 0x0a, 0x0a, 0x0a,
        0x0a, 0x0a, 0x0a, 0x0a, 0x0a, 0x0a, 0x0a, 0x0a, 0x0a, 0x0a, 0x0a, 0x0a, 0x0a, 0x0a, 0x0a, 0x0a,
        0x0a, 0x0a, 0x0a, 0x0a, 0x0a, 0x0a, 0x0a, 0x0a, 0x0a, 0x0a, 0x0a, 0x0a, 0x0a, 0x0a, 0x0a, 0x0a,
        0x0a, 0x0a, 0x0a, 0x0a, 0x0a, 0x0a, 0x0a, 0x0a, 0x0a, 0x0a, 0x0a, 0x0a, 0x0a, 0x0a, 0x0a, 0x0a,
        0x0a, 0x0a, 0x0a, 0x0a, 0x0a, 0x0a, 0x0a, 0x0a,
    },
    {
        0x0a, 0x0a, 0x0a, 0x0a, 0x0a, 0x0a, 0x0a, 0x0a, 0x0a, 0x0a, 0x0a, 0x0a, 0x0a, 0x0a, 0x0a, 0x0a,
        0x0a, 0x0a, 0x0a, 0x0a, 0x0a, 0x0a, 0x0a, 0x0a, 0x0a, 0x0a, 0x0a, 0x0a, 0x0a, 0x0a, 0x0a, 0x0a,
        0x0a, 0x0a, 0x0a, 0x0a, 0x0a, 0x0a, 0x0a, 0x0a, 0x0a, 0x0a, 0x0a, 0x0a, 0x0a, 0x0a, 0x0a, 0x0a,
        0x0a, 0x0a, 0x0a, 0x0a, 0x0a, 0x0a, 0x0a, 0x0a, 0x0a, 0x0a, 0x0a, 0x0a, 0x0a, 0x0a, 0x0a, 0x0a,
        0x0a, 0x0a, 0x0a, 0x0a, 0x0a, 0x0a, 0x0a, 0x0a, 0x0a, 0x0a, 0x0a, 0x0a, 0x0a, 0x0a, 0x0a, 0x0a,
        0x0a, 0x0a, 0x0a, 0x0a, 0x0a, 0x0a, 0x0a, 0x0a, 0x0a, 0x0a, 0x0a, 0x0a, 0x0a, 0x0a, 0x0a, 0x0a,
        0x0a, 0x0a, 0x0a, 0x0a, 0x0a, 0x0a, 0x0a, 0x0a, 0x09, 0x09, 0x0b, 0x0b, 0x09, 0x09, 0x09, 0x09,
        0x09, 0x09, 0x09, 0x09, 0x0a, 0x0a, 0x0a, 0x0a, 0x0a, 0x0a, 0x0a, 0x0a, 0x0a, 0x0a, 0x0a, 0x0a,
        0x0a, 0x0a, 0x0a, 0x0a, 0x0a, 0x0a, 0x0a, 0x0a, 0x0a, 0x0a, 0x0a, 0x0a, 0x0a, 0x0a, 0x0a, 0x0a,
        0x0a, 0x0a, 0x0a, 0x0a, 0x0a, 0x0a, 0x0a, 0x0a, 0x0a, 0x0a, 0x0a, 0x0a, 0x0a, 0x0a, 0x0a, 0x0a,
        0x0a, 0x0a, 0x0a, 0x0a, 0x0a, 0x0a, 0x0a, 0x0a, 0x0a, 0x0a, 0x0a, 0x0a, 0x0a, 0x0a, 0x0a, 0x0a,
        0x0a, 0x0a, 0x0a, 0x0a, 0x0a, 0x0a, 0x0a, 0x0a, 0x0a, 0x0a, 0x0a, 0x0a, 0x0a, 0x0a, 0x0a, 0x0a,
        0x0a, 0x0a, 0x0a, 0x0a, 0x0a, 0x0a, 0x0a, 0x0a,
    },
    {
        0x0a, 0x0a, 0x0a, 0x0a, 0x0a, 0x0a, 0x0a, 0x0a, 0x0a, 0x0a, 0x0a, 0x0a, 0x0a, 0x0a, 0x0a, 0x0a,
        0x0a, 0x0a, 0x0a, 0x0a, 0x0a, 0x0a, 0x0a, 0x0a, 0x0a, 0x0a, 0x0a, 0x0a, 0x0a, 0x0a, 0x0a, 0x0a,
        0x0a, 0x0a, 0x0a, 0x0a, 0x0a, 0x0a, 0x0a, 0x0a, 0x0a, 0x0a, 0x0a, 0x0a, 0x0a, 0x0a, 0x0a, 0x0a,
        0x0a, 0x0a, 0x0a, 0x0a, 0x0a, 0x0a, 0x0a, 0x0a, 0x0a, 0x0a, 0x0a, 0x0a, 0x0a, 0x0a, 0x0a, 0x0a,
        0x0a, 0x0a, 0x0a, 0x0a, 0x0a, 0x0a, 0x0a, 0x0a, 0x0a, 0x0a, 0x0a, 0x0a, 0x0a, 0x0a, 0x0a, 0x0a,
        0x0a, 0x0a, 0x0a, 0x0a, 0x0a, 0x0a, 0x0a, 0x0a, 0x0a, 0x0a, 0x0a, 0x0a, 0x0a, 0x0a, 0x0a, 0x0a,
        0x0a, 0x0a, 0x0a, 0x0a, 0x0a, 0x0a, 0x0a, 0x0a, 0x09, 0x09, 0x0b, 0x0b, 0x0b, 0x0b, 0x0b, 0x0b,
        0x09, 0x09, 0x09, 0x09, 0x09, 0x0a, 0x0a, 0x0a, 0x0a, 0x0a, 0x0a, 0x0a, 0x0a, 0x0a, 0x0a, 0x0a,
        0x0a, 0x0a, 0x0a, 0x0a, 0x0a, 0x0a, 0x0a, 0x0a, 0x0a, 0x0a, 0x0a, 0x0a, 0x0a, 0x0a, 0x0a, 0x0a,
        0x0a, 0x0a, 0x0a, 0x0a, 0x0a, 0x0a, 0x0a, 0x0a, 0x0a, 0x0a, 0x0a, 0x0a, 0x0a, 0x0a, 0x0a, 0x0a,
        0x0a, 0x0a, 0x0a, 0x0a, 0x0a, 0x0a, 0x0a, 0x0a, 0x0a, 0x0a, 0x0a, 0x0a, 0x0a, 0x0a, 0x0a, 0x0a,
        0x0a, 0x0a, 0x0a, 0x0a, 0x0a, 0x0a, 0x0a, 0x0a, 0x0a, 0x0a, 0x0a, 0x0a, 0x0a, 0x0a, 0x0a, 0x0a,
        0x0a, 0x0a, 0x0a, 0x0a, 0x0a, 0x0a, 0x0a, 0x0a,
    },
    {
        0x0a, 0x0a, 0x0a, 0x0a, 0x0a, 0x0a, 0x0a, 0x0a, 0x0a, 0x0a, 0x0a, 0x0a, 0x0a, 0x0a, 0x0a, 0x0a,
        0x0a, 0x0a, 0x0a, 0x0a, 0x0a, 0x0a, 0x0a, 0x0a, 0x0a, 0x0a, 0x0a, 0x0a, 0x0a, 0x0a, 0x0a, 0x0a,
        0x0a, 0x0a, 0x0a, 0x0a, 0x0a, 0x0a, 0x0a, 0x0a, 0x0a, 0x0a, 0x0a, 0x0a, 0x0a, 0x0a, 0x0a, 0x0a,
        0x0a, 0x0a, 0x0a, 0x0a, 0x0a, 0x0a, 0x0a, 0x0a, 0x0a, 0x0a, 0x0a, 0x0a, 0x0a, 0x0a, 0x0a, 0x0a,
        0x0a, 0x0a, 0x0a, 0x0a, 0x0a, 0x0a, 0x0a, 0x0a, 0x09, 0x09, 0x09, 0x09, 0x0a, 0x0a, 0x0a, 0x0a,
        0x0a, 0x0a, 0x0a, 0x0a, 0x0a, 0x0a, 0x0a, 0x0a, 0x0a, 0x0a, 0x0a, 0x0a, 0x0a, 0x0a, 0x0a, 0x0a,
        0x0a, 0x0a, 0x0a, 0x0a, 0x0a, 0x0a, 0x0a, 0x0a, 0x09, 0x09, 0x0b, 0x0b, 0x0b, 0x0b, 0x0b, 0x0b,
        0x0b, 0x0b, 0x0b, 0x09, 0x09, 0x0a, 0x0a, 0x0a, 0x0a, 0x0a, 0x0a, 0x0a, 0x0a, 0x0a, 0x0a, 0x0a,
        0x0a, 0x0a, 0x0a, 0x0a, 0x0a, 0x0a, 0x0a, 0x0a, 0x0a, 0x0a, 0x0a, 0x0a, 0x0a, 0x0a, 0x0a, 0x0a,
        0x0a, 0x0a, 0x0a, 0x0a, 0x0a, 0x0a, 0x0a, 0x0a, 0x0a, 0x0a, 0x0a, 0x0a, 0x0a, 0x0a, 0x0a, 0x0a,
        0x0a, 0x0a, 0x0a, 0x0a, 0x0a, 0x0a, 0x0a, 0x0a, 0x0a, 0x0a, 0x0a, 0x0a, 0x0a, 0x0a, 0x0a, 0x0a,
        0x0a, 0x0a, 0x0a, 0x0a, 0x0a, 0x0a, 0x0a, 0x0a, 0x0a, 0x0a, 0x0a, 0x0a, 0x0a, 0x0a, 0x0a, 0x0a,
        0x0a, 0x0a, 0x0a, 0x0a, 0x0a, 0x0a, 0x0a, 0x0a,
    },
    {
        0x0a, 0x0a, 0x0a, 0x0a, 0x0a, 0x0a, 0x0a, 0x0a, 0x0a, 0x0a, 0x0a, 0x0a, 0x0a, 0x0a, 0x0a, 0x0a,
        0x0a, 0x0a, 0x0a, 0x0a, 0x0a, 0x0a, 0x0a, 0x0a, 0x0a, 0x0a, 0x0a, 0x0a, 0x0a, 0x0a, 0x0a, 0x0a,
        0x0a, 0x0a, 0x0a, 0x0a, 0x0a, 0x0a, 0x0a, 0x0a, 0x0a, 0x0a, 0x0a, 0x0a, 0x0a, 0x0a, 0x0a, 0x0a,
        0x0a, 0x0a, 0x0a, 0x0a, 0x0a, 0x0a, 0x0a, 0x0a, 0x0a, 0x0a, 0x0a, 0x0a, 0x0a, 0x0a, 0x0a, 0x0a,
        0x0a, 0x0a, 0x0a, 0x0a, 0x0a, 0x09, 0x09, 0x09, 0x09, 0x09, 0x09, 0x09, 0x09, 0x0a, 0x0a, 0x0a,
        0x0a, 0x0a, 0x09, 0x09, 0x09, 0x09, 0x09, 0x09, 0x0a, 0x0a, 0x0a, 0x0a, 0x0a, 0x0a, 0x0a, 0x0a,
        0x0a, 0x0a, 0x0a, 0x0a, 0x0a, 0x0a, 0x0a, 0x0a, 0x0a, 0x09, 0x09, 0x0b, 0x0b, 0x0b, 0x0b, 0x0b,
        0x0b, 0x0b, 0x0b, 0x09, 0x09, 0x00, 0x00, 0x00, 0x0a, 0x09, 0x09, 0x09, 0x09, 0x0a, 0x0a, 0x0a,
        0x0a, 0x0a, 0x0a, 0x0a, 0x0a, 0x0a, 0x0a, 0x0a, 0x0a, 0x0a, 0x0a, 0x0a, 0x0a, 0x0a, 0x0a, 0x0a,
        0x0a, 0x0a, 0x0a, 0x0a, 0x0a, 0x0a, 0x0a, 0x0a, 0x0a, 0x0a, 0x0a, 0x0a, 0x0a, 0x0a, 0x0a, 0x0a,
        0x0a, 0x0a, 0x0a, 0x0a, 0x0a, 0x0a, 0x0a, 0x0a, 0x0a, 0x0a, 0x0a, 0x0a, 0x0a, 0x0a, 0x0a, 0x0a,
        0x0a, 0x0a, 0x0a, 0x0a, 0x0a, 0x0a, 0x0a, 0x0a, 0x0a, 0x0a, 0x0a, 0x0a, 0x0a, 0x0a, 0x0a, 0x0a,
        0x0a, 0x0a, 0x0a, 0x0a, 0x0a, 0x0a, 0x0a, 0x0a,
    },
    {
        0x0a, 0x0a, 0x0a, 0x0a, 0x0a, 0x0a, 0x0a, 0x0a, 0x0a, 0x0a, 0x0a, 0x0a, 0x0a, 0x0a, 0x0a, 0x0a,
        0x0a, 0x0a, 0x0a, 0x0a, 0x0a, 0x0a, 0x0a, 0x0a, 0x0a, 0x0a, 0x0a, 0x0a, 0x0a, 0x0a, 0x0a, 0x0a,
        0x0a, 0x0a, 0x0a, 0x0a, 0x0a, 0x0a, 0x0a, 0x0a, 0x0a, 0x0a, 0x0a, 0x0a, 0x0a, 0x0a, 0x0a, 0x0a,
        0x0a, 0x0a, 0x0a, 0x0a, 0x0a, 0x0a, 0x0a, 0x0a, 0x0a, 0x0a, 0x0a, 0x0a, 0x0a, 0x0a, 0x0a, 0x0a,
        0x0a, 0x09, 0x09, 0x09, 0x09, 0x09, 0x09, 0x09, 0x0b, 0x0b, 0x0b, 0x09, 0x09, 0x0a, 0x0a, 0x0a,
        0x09, 0x09, 0x09, 0x09, 0x09, 0x09, 0x09, 0x09, 0x09, 0x09, 0x0a, 0x0a, 0x0a, 0x0a, 0x0a, 0x0a,
        0x0a, 0x0a, 0x0a, 0x0a, 0x0a, 0x0a, 0x0a, 0x0a, 0x0a, 0x09, 0x09, 0x0b, 0x0b, 0x0b, 0x0b, 0x0b,
        0x0b, 0x0b, 0x0b, 0x09, 0x09, 0x00, 0x00, 0x00, 0x09, 0x09, 0x09, 0x09, 0x09, 0x09, 0x09, 0x09,
        0x0a, 0x0a, 0x0a, 0x0a, 0x0a, 0x0a, 0x0a, 0x0a, 0x0a, 0x0a, 0x0a, 0x0a, 0x0a, 0x0a, 0x0a, 0x0a,
        0x0a, 0x0a, 0x0a, 0x0a, 0x0a, 0x0a, 0x0a, 0x0a, 0x0a, 0x0a, 0x0a, 0x0a, 0x0a, 0x0a, 0x0a, 0x0a,
        0x0a, 0x0a, 0x0a, 0x0a, 0x0a, 0x0a, 0x0a, 0x0a, 0x0a, 0x0a, 0x0a, 0x0a, 0x0a, 0x0a, 0x0a, 0x0a,
        0x0a, 0x0a, 0x0a, 0x0a, 0x0a, 0x0a, 0x0a, 0x0a, 0x0a, 0x0a, 0x0a, 0x0a, 0x0a, 0x0a, 0x0a, 0x0a,
        0x0a, 0x0a, 0x0a, 0x0a, 0x0a, 0x0a, 0x0a, 0x0a,
    },
    {
        0x0a, 0x0a, 0x0a, 0x0a, 0x0a, 0x0a, 0x0a, 0x0a, 0x0a, 0x0a, 0x0a, 0x0a, 0x0a, 0x0a, 0x0a, 0x0a,
        0x0a, 0x0a, 0x0a, 0x0a, 0x0a, 0x0a, 0x0a, 0x0a, 0x0a, 0x0a, 0x0a, 0x0a, 0x0a, 0x0a, 0x0a, 0x0a,
        0x0a, 0x0a, 0x0a, 0x0a, 0x0a, 0x0a, 0x0a, 0x0a, 0x0a, 0x0a, 0x0a, 0x0a, 0x0a, 0x0a, 0x0a, 0x0a,
        0x0a, 0x0a, 0x0a, 0x0a, 0x0a, 0x0a, 0x0a, 0x0a, 0x0a, 0x0a, 0x0a, 0x0a, 0x0a, 0x0a, 0x0a, 0x0a,
        0x0a, 0x09, 0x09, 0x09, 0x09, 0x0b, 0x0b, 0x0b, 0x0b, 0x0b, 0x0b, 0x09, 0x09, 0x0a, 0x09, 0x09,
        0x09, 0x09, 0x0b, 0x0b, 0x0b, 0x0b, 0x0b, 0x0b, 0x09, 0x09, 0x09, 0x09, 0x0a, 0x0a, 0x0a, 0x0a,
        0x0a, 0x0a, 0x0a, 0x0a, 0x0a, 0x0a, 0x0a, 0x0a, 0x0a, 0x09, 0x09, 0x0b, 0x0b, 0x0b, 0x0b, 0x0b,
        0x0b, 0x0b, 0x0b, 0x09, 0x09, 0x00, 0x00, 0x00, 0x09, 0x09, 0x0b, 0x0b, 0x0b, 0x09, 0x09, 0x09,
        0x09, 0x09, 0x09, 0x0a, 0x0a, 0x0a, 0x0a, 0x0a, 0x0a, 0x0a, 0x0a, 0x0a, 0x0a, 0x0a, 0x0a, 0x0a,
        0x0a, 0x0a, 0x0a, 0x0a, 0x0a, 0x0a, 0x0a, 0x0a, 0x0a, 0x0a, 0x0a, 0x0a, 0x0a, 0x0a, 0x0a, 0x0a,
        0x0a, 0x0a, 0x0a, 0x0a, 0x0a, 0x0a, 0x0a, 0x0a, 0x0a, 0x0a, 0x0a, 0x0a, 0x0a, 0x0a, 0x0a, 0x0a,
        0x0a, 0x0a, 0x0a, 0x0a, 0x0a, 0x0a, 0x0a, 0x0a, 0x0a, 0x0a, 0x0a, 0x0a, 0x0a, 0x0a, 0x0a, 0x0a,
        0x0a, 0x0a, 0x0a, 0x0a, 0x0a, 0x0a, 0x0a, 0x0a,
    },
    {
        0x0a, 0x0a, 0x0a, 0x0a, 0x0a, 0x0a, 0x0a, 0x0a, 0x0a, 0x0a, 0x0a, 0x0a, 0x0a, 0x0a, 0x0a, 0x0a,
        0x0a, 0x0a, 0x0a, 0x0a, 0x0a, 0x0a, 0x0a, 0x0a, 0x0a, 0x0a, 0x0a, 0x0a, 0x0a, 0x0a, 0x0a, 0x0a,
        0x0a, 0x0a, 0x0a, 0x0a, 0x0a, 0x0a, 0x0a, 0x0a, 0x0a, 0x0a, 0x0a, 0x0a, 0x0a, 0x0a, 0x0a, 0x0a,
        0x0a, 0x0a, 0x0a, 0x0a, 0x0a, 0x0a, 0x0a, 0x09, 0x09, 0x09, 0x09, 0x09, 0x09, 0x09, 0x0a, 0x0a,
        0x0a, 0x09, 0x09, 0x0b, 0x0b, 0x0b, 0x0b, 0x0b, 0x0b, 0x0b, 0x0b, 0x09, 0x09, 0x09, 0x09, 0x09,
        0x0b, 0x0b, 0x0b, 0x0b, 0x0b, 0x0b, 0x0b, 0x0b, 0x0b, 0x0b, 0x09, 0x09, 0x09, 0x0a, 0x0a, 0x0a,
        0x0a, 0x0a, 0x0a, 0x0a, 0x0a, 0x0a, 0x0a, 0x0a, 0x0a, 0x09, 0x09, 0x0b, 0x0b, 0x0b, 0x0b, 0x0b,
        0x0b, 0x0b, 0x0b, 0x09, 0x09, 0x00, 0x00, 0x09, 0x09, 0x0b, 0x0b, 0x0b, 0x0b, 0x0b, 0x0b, 0x0b,
        0x09, 0x09, 0x09, 0x09, 0x09, 0x0a, 0x0a, 0x0a, 0x0a, 0x0a, 0x0a, 0x0a, 0x0a, 0x0a, 0x0a, 0x0a,
        0x0a, 0x0a, 0x0a, 0x0a, 0x0a, 0x0a, 0x0a, 0x0a, 0x0a, 0x0a, 0x0a, 0x0a, 0x0a, 0x0a, 0x0a, 0x0a,
        0x0a, 0x0a, 0x0a, 0x0a, 0x0a, 0x0a, 0x0a, 0x0a, 0x0a, 0x0a, 0x0a, 0x0a, 0x0a, 0x0a, 0x0a, 0x0a,
        0x0a, 0x0a, 0x0a, 0x0a, 0x0a, 0x0a, 0x0a, 0x0a, 0x0a, 0x0a, 0x0a, 0x0a, 0x0a, 0x0a, 0x0a, 0x0a,
        0x0a, 0x0a, 0x0a, 0x0a, 0x0a, 0x0a, 0x0a, 0x0a,
    },
    {
        0x0a, 0x0a, 0x0a, 0x0a, 0x0a, 0x0a, 0x0a, 0x0a, 0x0a, 0x0a, 0x0a, 0x0a, 0x0a, 0x0a, 0x0a, 0x0a,
        0x0a, 0x0a, 0x0a, 0x0a, 0x0a, 0x0a, 0x0a, 0x0a, 0x0a, 0x0a, 0x0a, 0x0a, 0x0a, 0x0a, 0x0a, 0x0a,
        0x0a, 0x0a, 0x0a, 0x0a, 0x0a, 0x0a, 0x0a, 0x0a, 0x0a, 0x0a, 0x0a, 0x0a, 0x0a, 0x0a, 0x0a, 0x0a,
        0x0a, 0x0a, 0x0a, 0x09, 0x09, 0x09, 0x09, 0x09, 0x09, 0x09, 0x09, 0x09, 0x09, 0x09, 0x09, 0x09,
        0x0a, 0x09, 0x09, 0x0b, 0x0b, 0x0b, 0x0b, 0x0b, 0x0b, 0x0b, 0x0b, 0x09, 0x09, 0x09, 0x09, 0x0b,
        0x0b, 0x0b, 0x0b, 0x0b, 0x0b, 0x0b, 0x0b, 0x0b, 0x0b, 0x0b, 0x0b, 0x09, 0x09, 0x09, 0x0a, 0x0a,
        0x0a, 0x0a, 0x0a, 0x0a, 0x0a, 0x0a, 0x0a, 0x0a, 0x0a, 0x0a, 0x09, 0x09, 0x0b, 0x0b, 0x0b, 0x0b,
        0x0b, 0x0b, 0x0b, 0x09, 0x09, 0x00, 0x00, 0x09, 0x09, 0x0b, 0x0b, 0x0b, 0x0b, 0x0b, 0x0b, 0x0b,
        0x0b, 0x0b, 0x0b, 0x09, 0x09, 0x0a, 0x0a, 0x0a, 0x0a, 0x0a, 0x0a, 0x0a, 0x0a, 0x0a, 0x0a, 0x0a,
        0x0a, 0x0a, 0x0a, 0x0a, 0x0a, 0x0a, 0x0a, 0x0a, 0x0a, 0x0a, 0x0a, 0x0a, 0x0a, 0x0a, 0x0a, 0x0a,
        0x0a, 0x0a, 0x0a, 0x0a, 0x0a, 0x0a, 0x0a, 0x0a, 0x0a, 0x0a, 0x0a, 0x0a, 0x0a, 0x0a, 0x0a, 0x0a,
        0x0a, 0x0a, 0x0a, 0x0a, 0x0a, 0x0a, 0x0a, 0x0a, 0x0a, 0x0a, 0x0a, 0x0a, 0x0a, 0x0a, 0x0a, 0x0a,
        0x0a, 0x0a, 0x0a, 0x0a, 0x0a, 0x0a, 0x0a, 0x0a,
    },
    {
        0x0a, 0x0a, 0x0a, 0x0a, 0x0a, 0x0a, 0x0a, 0x0a, 0x0a, 0x0a, 0x0a, 0x0a, 0x0a, 0x0a, 0x0a, 0x0a,
        0x0a, 0x0a, 0x0a, 0x0a, 0x0a, 0x0a, 0x0a, 0x0a, 0x0a, 0x0a, 0x0a, 0x0a, 0x0a, 0x0a, 0x0a, 0x0a,
        0x0a, 0x0a, 0x0a, 0x0a, 0x0a, 0x0a, 0x0a, 0x0a, 0x0a, 0x0a, 0x0a, 0x0a, 0x0a, 0x0a, 0x0a, 0x09,
        0x09, 0x09, 0x09, 0x09, 0x09, 0x09, 0x09, 0x0b, 0x0b, 0x0b, 0x0b, 0x0b, 0x0b, 0x0b, 0x09, 0x09,
        0x09, 0x09, 0x09, 0x0b, 0x0b, 0x0b, 0x0b, 0x0b, 0x0b, 0x0b, 0x0b, 0x09, 0x09, 0x09, 0x0b, 0x0b,
        0x0b, 0x0b, 0x0b, 0x0b, 0x0b, 0x0b, 0x0b, 0x0b, 0x0b, 0x0b, 0x0b, 0x0b, 0x09, 0x09, 0x0a, 0x0a,
        0x0a, 0x0a, 0x0a, 0x0a, 0x0a, 0x0a, 0x0a, 0x0a, 0x0a, 0x0a, 0x09, 0x09, 0x0b, 0x0b, 0x0b, 0x0b,
        0x0b, 0x0b, 0x0b, 0x09, 0x09, 0x00, 0x09, 0x09, 0x0b, 0x0b, 0x0b, 0x0b, 0x0b, 0x0b, 0x0b, 0x0b,
        0x0b, 0x0b, 0x09, 0x09, 0x00, 0x0a, 0x0a, 0x0a, 0x0a, 0x0a, 0x0a, 0x0a, 0x0a, 0x0a, 0x0a, 0x0a,
        0x0a, 0x0a, 0x0a, 0x0a, 0x0a, 0x0a, 0x0a, 0x0a, 0x0a, 0x0a, 0x0a, 0x0a, 0x0a, 0x0a, 0x0a, 0x0a,
        0x0a, 0x0a, 0x0a, 0x0a, 0x0a, 0x0a, 0x0a, 0x0a, 0x0a, 0x0a, 0x0a, 0x0a, 0x0a, 0x0a, 0x0a, 0x0a,
        0x0a, 0x0a, 0x0a, 0x0a, 0x0a, 0x0a, 0x0a, 0x0a, 0x0a, 0x0a, 0x0a, 0x0a, 0x0a, 0x0a, 0x0a, 0x0a,
        0x0a, 0x0a, 0x0a, 0x0a, 0x0a, 0x0a, 0x0a, 0x0a,
    },
    {
        0x0a, 0x0a, 0x0a, 0x0a, 0x0a, 0x0a, 0x0a, 0x0a, 0x0a, 0x0a, 0x0a, 0x0a, 0x0a, 0x0a, 0x0a, 0x0a,
        0x0a, 0x0a, 0x0a, 0x0a, 0x0a, 0x0a, 0x0a, 0x0a, 0x0a, 0x0a, 0x0a, 0x0a, 0x0a, 0x0a, 0x0a, 0x0a,
        0x0a, 0x0a, 0x0a, 0x0a, 0x0a, 0x0a, 0x0a, 0x0a, 0x0a, 0x0a, 0x0a, 0x0a, 0x0a, 0x09, 0x09, 0x09,
        0x09, 0x09, 0x09, 0x0b, 0x0b, 0x0b, 0x0b, 0x0b, 0x0b, 0x0b, 0x0b, 0x0b, 0x0b, 0x0b, 0x0b, 0x0b,
        0x09, 0x09, 0x09, 0x0b, 0x0b, 0x0b, 0x0b, 0x0b, 0x0b, 0x0b, 0x0b, 0x09, 0x09, 0x09, 0x0b, 0x0b,
        0x0b, 0x0b, 0x0b, 0x0b, 0x0b, 0x0b, 0x0b, 0x0b, 0x0b, 0x0b, 0x0b, 0x0b, 0x09, 0x09, 0x09, 0x0a,
        0x0a, 0x0a, 0x0a, 0x0a, 0x0a, 0x0a, 0x0a, 0x0a, 0x0a, 0x0a, 0x09, 0x09, 0x0b, 0x0b, 0x0b, 0x0b,
        0x0b, 0x0b, 0x0b, 0x0b, 0x09, 0x00, 0x09, 0x09, 0x0b, 0x0b, 0x0b, 0x0b, 0x0b, 0x0b, 0x0b, 0x0b,
        0x0b, 0x09, 0x09, 0x00, 0x00, 0x00, 0x00, 0x0a, 0x0a, 0x0a, 0x0a, 0x0a, 0x0a, 0x0a, 0x0a, 0x0a,
        0x0a, 0x0a, 0x0a, 0x0a, 0x0a, 0x0a, 0x0a, 0x0a, 0x0a, 0x0a, 0x0a, 0x0a, 0x0a, 0x0a, 0x0a, 0x0a,
        0x0a, 0x0a, 0x0a, 0x0a, 0x0a, 0x0a, 0x0a, 0x0a, 0x0a, 0x0a, 0x0a, 0x0a, 0x0a, 0x0a, 0x0a, 0x0a,
        0x0a, 0x0a, 0x0a, 0x0a, 0x0a, 0x0a, 0x0a, 0x0a, 0x0a, 0x0a, 0x0a, 0x0a, 0x0a, 0x0a, 0x0a, 0x0a,
        0x0a, 0x0a, 0x0a, 0x0a, 0x0a, 0x0a, 0x0a, 0x0a,
    },
    {
        0x0a, 0x0a, 0x0a, 0x0a, 0x0a, 0x0a, 0x0a, 0x0a, 0x0a, 0x0a, 0x0a, 0x0a, 0x0a, 0x0a, 0x0a, 0x0a,
        0x0a, 0x0a, 0x0a, 0x0a, 0x0a, 0x0a, 0x0a, 0x0a, 0x0a, 0x0a, 0x0a, 0x0a, 0x0a, 0x0a, 0x0a, 0x0a,
        0x0a, 0x0a, 0x0a, 0x0a, 0x0a, 0x09, 0x09, 0x09, 0x09, 0x0a, 0x0a, 0x0a, 0x0a, 0x09, 0x09, 0x09,
        0x0b, 0x0b, 0x0b, 0x0b, 0x0b, 0x0b, 0x0b, 0x0b, 0x0b, 0x0b, 0x0b, 0x0b, 0x0b, 0x0b, 0x0b, 0x0b,
        0x0b, 0x09, 0x09, 0x0b, 0x0b, 0x0b, 0x0b, 0x0b, 0x0b, 0x0b, 0x0b, 0x09, 0x09, 0x0b, 0x0b, 0x0b,
        0x0b, 0x0b, 0x0b, 0x0b, 0x0b, 0x0b, 0x0b, 0x0b, 0x0b, 0x0b, 0x0b, 0x0b, 0x0b, 0x09, 0x09, 0x0a,
        0x0a, 0x0a, 0x0a, 0x0a, 0x0a, 0x0a, 0x0a, 0x0a, 0x0a, 0x0a, 0x09, 0x09, 0x0b, 0x0b, 0x0b, 0x0b,
        0x0b, 0x0b, 0x0b, 0x0b, 0x09, 0x09, 0x09, 0x0b, 0x0b, 0x0b, 0x0b, 0x0b, 0x0b, 0x0b, 0x0b, 0x0b,
        0x09, 0x09, 0x00, 0x00, 0x00, 0x00, 0x00, 0x0a, 0x0a, 0x0a, 0x0a, 0x0a, 0x0a, 0x0a, 0x0a, 0x0a,
        0x0a, 0x0a, 0x0a, 0x0a, 0x0a, 0x0a, 0x0a, 0x0a, 0x0a, 0x0a, 0x0a, 0x0a, 0x0a, 0x0a, 0x0a, 0x0a,
        0x0a, 0x0a, 0x0a, 0x0a, 0x0a, 0x0a, 0x0a, 0x0a, 0x0a, 0x0a, 0x0a, 0x0a, 0x0a, 0x0a, 0x0a, 0x0a,
        0x0a, 0x0a, 0x0a, 0x0a, 0x0a, 0x0a, 0x0a, 0x0a, 0x0a, 0x0a, 0x0a, 0x0a, 0x0a, 0x0a, 0x0a, 0x0a,
        0x0a, 0x0a, 0x0a, 0x0a, 0x0a, 0x0a, 0x0a, 0x0a,
    },
    {
        0x0a, 0x0a, 0x0a, 0x0a, 0x0a, 0x0a, 0x0a, 0x0a, 0x0a, 0x0a, 0x0a, 0x0a, 0x0a, 0x0a, 0x0a, 0x0a,
        0x0a, 0x0a, 0x0a, 0x0a, 0x0a, 0x0a, 0x0a, 0x0a, 0x0a, 0x0a, 0x0a, 0x0a, 0x0a, 0x0a, 0x0a, 0x0a,
        0x0a, 0x0a, 0x09, 0x09, 0x09, 0x09, 0x09, 0x09, 0x09, 0x09, 0x0a, 0x0a, 0x0a, 0x09, 0x09, 0x0b,
        0x0b, 0x0b, 0x0b, 0x0b, 0x0b, 0x0b, 0x0b, 0x0b, 0x0b, 0x0b, 0x0b, 0x0b, 0x0b, 0x0b, 0x0b, 0x0b,
        0x0b, 0x09, 0x09, 0x0b, 0x0b, 0x0b, 0x0b, 0x0b, 0x0b, 0x0b, 0x0b, 0x09, 0x09, 0x0b, 0x0b, 0x0b,
        0x0b, 0x0b, 0x0b, 0x0b, 0x0b, 0x0b, 0x0b, 0x0b, 0x0b, 0x0b, 0x0b, 0x0b, 0x0b, 0x09, 0x09, 0x00,
        0x0a, 0x0a, 0x0a, 0x0a, 0x0a, 0x0a, 0x0a, 0x0a, 0x0a, 0x0a, 0x0a, 0x09, 0x09, 0x0b, 0x0b, 0x0b,
        0x0b, 0x0b, 0x0b, 0x0b, 0x09, 0x09, 0x09, 0x0b, 0x0b, 0x0b, 0x0b, 0x0b, 0x0b, 0x0b, 0x0b, 0x09,
        0x09, 0x09, 0x09, 0x09, 0x00, 0x00, 0x0a, 0x0a, 0x0a, 0x0a, 0x0a, 0x0a, 0x0a, 0x0a, 0x0a, 0x0a,
        0x0a, 0x0a, 0x0a, 0x0a, 0x0a, 0x0a, 0x0a, 0x0a, 0x0a, 0x0a, 0x0a, 0x0a, 0x0a, 0x0a, 0x0a, 0x0a,
        0x0a, 0x0a, 0x0a, 0x0a, 0x0a, 0x0a, 0x0a, 0x0a, 0x0a, 0x0a, 0x0a, 0x0a, 0x0a, 0x0a, 0x0a, 0x0a,
        0x0a, 0x0a, 0x0a, 0x0a, 0x0a, 0x0a, 0x0a, 0x0a, 0x0a, 0x0a, 0x0a, 0x0a, 0x0a, 0x0a, 0x0a, 0x0a,
        0x0a, 0x0a, 0x0a, 0x0a, 0x0a, 0x0a, 0x0a, 0x0a,
    },
    {
        0x0a, 0x0a, 0x0a, 0x0a, 0x0a, 0x0a, 0x0a, 0x0a, 0x0a, 0x0a, 0x0a, 0x0a, 0x0a, 0x0a, 0x0a, 0x0a,
        0x0a, 0x0a, 0x0a, 0x0a, 0x0a, 0x0a, 0x0a, 0x0a, 0x0a, 0x0a, 0x0a, 0x0a, 0x0a, 0x0a, 0x09, 0x09,
        0x09, 0x09, 0x09, 0x09, 0x09, 0x0b, 0x0b, 0x09, 0x09, 0x09, 0x0a, 0x0a, 0x0a, 0x09, 0x09, 0x0b,
        0x0b, 0x0b, 0x0b, 0x0b, 0x0b, 0x0b, 0x0b, 0x0b, 0x0b, 0x0b, 0x0b, 0x0b, 0x0b, 0x0b, 0x0b, 0x0b,
        0x0b, 0x0b, 0x09, 0x09, 0x0b, 0x0b, 0x0b, 0x0b, 0x0b, 0x0b, 0x0b, 0x09, 0x09, 0x0b, 0x0b, 0x0b,
        0x0b, 0x0b, 0x0b, 0x09, 0x09, 0x09, 0x09, 0x0b, 0x0b, 0x0b, 0x0b, 0x0b, 0x0b, 0x09, 0x09, 0x00,
        0x00, 0x0a, 0x0a, 0x0a, 0x0a, 0x0a, 0x0a, 0x0a, 0x0a, 0x0a, 0x0a, 0x09, 0x09, 0x0b, 0x0b, 0x0b,
        0x0b, 0x0b, 0x0b, 0x0b, 0x09, 0x09, 0x0b, 0x0b, 0x0b, 0x0b, 0x0b, 0x0b, 0x0b, 0x09, 0x09, 0x09,
        0x09, 0x09, 0x09, 0x09, 0x09, 0x09, 0x09, 0x09, 0x09, 0x0a, 0x0a, 0x0a, 0x0a, 0x0a, 0x0a, 0x0a,
        0x0a, 0x0a, 0x0a, 0x0a, 0x09, 0x09, 0x09, 0x09, 0x0a, 0x0a, 0x0a, 0x0a, 0x0a, 0x0a, 0x0a, 0x0a,
        0x0a, 0x0a, 0x0a, 0x0a, 0x0a, 0x0a, 0x0a, 0x0a, 0x0a, 0x0a, 0x0a, 0x0a, 0x0a, 0x0a, 0x0a, 0x0a,
        0x0a, 0x0a, 0x0a, 0x0a, 0x0a, 0x0a, 0x0a, 0x0a, 0x0a, 0x0a, 0x0a, 0x0a, 0x0a, 0x0a, 0x0a, 0x0a,
        0x0a, 0x0a, 0x0a, 0x0a, 0x0a, 0x0a, 0x0a, 0x0a,
    },
    {
        0x0a, 0x0a, 0x0a, 0x0a, 0x0a, 0x0a, 0x0a, 0x0a, 0x0a, 0x0a, 0x0a, 0x0a, 0x0a, 0x0a, 0x0a, 0x0a,
        0x0a, 0x0a, 0x0a, 0x0a, 0x0a, 0x0a, 0x0a, 0x0a, 0x0a, 0x0a, 0x0a, 0x0a, 0x0a, 0x09, 0x09, 0x09,
        0x09, 0x09, 0x0b, 0x0b, 0x0b, 0x0b, 0x0b, 0x0b, 0x09, 0x09, 0x00, 0x00, 0x0a, 0x09, 0x09, 0x0b,
        0x0b, 0x0b, 0x0b, 0x0b, 0x0b, 0x0b, 0x0b, 0x0b, 0x0b, 0x0b, 0x0b, 0x0b, 0x0b, 0x0b, 0x0b, 0x0b,
        0x0b, 0x0b, 0x09, 0x09, 0x0b, 0x0b, 0x0b, 0x0b, 0x0b, 0x0b, 0x0b, 0x09, 0x0b, 0x0b, 0x0b, 0x0b,
        0x0b, 0x0b, 0x09, 0x09, 0x09, 0x09, 0x09, 0x09, 0x0b, 0x0b, 0x0b, 0x0b, 0x0b, 0x0b, 0x09, 0x09,
        0x00, 0x0a, 0x0a, 0x0a, 0x0a, 0x0a, 0x0a, 0x0a, 0x0a, 0x0a, 0x0a, 0x09, 0x09, 0x0b, 0x0b, 0x0b,
        0x0b, 0x0b, 0x0b, 0x0b, 0x09, 0x09, 0x0b, 0x0b, 0x0b, 0x0b, 0x0b, 0x0b, 0x09, 0x09, 0x09, 0x09,
        0x09, 0x09, 0x09, 0x09, 0x09, 0x09, 0x09, 0x09, 0x09, 0x09, 0x09, 0x0a, 0x0a, 0x0a, 0x0a, 0x0a,
        0x0a, 0x0a, 0x09, 0x09, 0x09, 0x09, 0x09, 0x09, 0x09, 0x09, 0x09, 0x0a, 0x0a, 0x0a, 0x0a, 0x0a,
        0x0a, 0x0a, 0x0a, 0x0a, 0x0a, 0x0a, 0x0a, 0x0a, 0x0a, 0x0a, 0x0a, 0x0a, 0x0a, 0x0a, 0x0a, 0x0a,
        0x0a, 0x0a, 0x0a, 0x0a, 0x0a, 0x0a, 0x0a, 0x0a, 0x0a, 0x0a, 0x0a, 0x0a, 0x0a, 0x0a, 0x0a, 0x0a,
        0x0a, 0x0a, 0x0a, 0x0a, 0x0a, 0x0a, 0x0a, 0x0a,
    },
    {
        0x0a, 0x0a, 0x0a, 0x0a, 0x0a, 0x0a, 0x0a, 0x0a, 0x0a, 0x0a, 0x0a, 0x0a, 0x0a, 0x0a, 0x0a, 0x0a,
        0x0a, 0x0a, 0x0a, 0x0a, 0x0a, 0x0a, 0x0a, 0x0a, 0x0a, 0x0a, 0x0a, 0x0a, 0x0a, 0x09, 0x09, 0x0b,
        0x0b, 0x0b, 0x0b, 0x0b, 0x0b, 0x0b, 0x0b, 0x0b, 0x09, 0x09, 0x00, 0x00, 0x0a, 0x09, 0x09, 0x0b,
        0x0b, 0x0b, 0x0b, 0x0b, 0x0b, 0x0b, 0x09, 0x09, 0x09, 0x09, 0x09, 0x0b, 0x0b, 0x0b, 0x0b, 0x0b,
        0x0b, 0x0b, 0x0b, 0x09, 0x0b, 0x0b, 0x0b, 0x0b, 0x0b, 0x0b, 0x0b, 0x09, 0x0b, 0x0b, 0x0b, 0x0b,
        0x0b, 0x0b, 0x09, 0x09, 0x00, 0x00, 0x09, 0x09, 0x0b, 0x0b, 0x0b, 0x0b, 0x0b, 0x0b, 0x09, 0x09,
        0x00, 0x00, 0x0a, 0x0a, 0x0a, 0x0a, 0x0a, 0x0a, 0x0a, 0x0a, 0x0a, 0x09, 0x09, 0x0b, 0x0b, 0x0b,
        0x0b, 0x0b, 0x0b, 0x0b, 0x09, 0x0b, 0x0b, 0x0b, 0x0b, 0x0b, 0x0b, 0x09, 0x09, 0x09, 0x09, 0x09,
        0x09, 0x09, 0x09, 0x09, 0x09, 0x09, 0x0a, 0x0a, 0x09, 0x09, 0x09, 0x09, 0x0a, 0x0a, 0x0a, 0x0a,
        0x09, 0x09, 0x09, 0x09, 0x0b, 0x0b, 0x0b, 0x0b, 0x09, 0x09, 0x09, 0x09, 0x09, 0x0a, 0x0a, 0x0a,
        0x0a, 0x0a, 0x0a, 0x0a, 0x0a, 0x0a, 0x0a, 0x0a, 0x0a, 0x0a, 0x0a, 0x0a, 0x0a, 0x0a, 0x0a, 0x0a,
        0x0a, 0x0a, 0x0a, 0x0a, 0x0a, 0x0a, 0x0a, 0x0a, 0x0a, 0x0a, 0x0a, 0x0a, 0x0a, 0x0a, 0x0a, 0x0a,
        0x0a, 0x0a, 0x0a, 0x0a, 0x0a, 0x0a, 0x0a, 0x0a,
    },
    {
        0x0a, 0x0a, 0x0a, 0x0a, 0x0a, 0x0a, 0x0a, 0x0a, 0x0a, 0x0a, 0x0a, 0x0a, 0x0a, 0x0a, 0x0a, 0x0a,
        0x0a, 0x0a, 0x0a, 0x0a, 0x0a, 0x0a, 0x0a, 0x0a, 0x0a, 0x0a, 0x0a, 0x0a, 0x0a, 0x09, 0x09, 0x0b,
        0x0b, 0x0b, 0x0b, 0x0b, 0x0b, 0x0b, 0x0b, 0x0b, 0x0b, 0x09, 0x09, 0x00, 0x00, 0x0a, 0x09, 0x09,
        0x0b, 0x0b, 0x0b, 0x0b, 0x0b, 0x0b, 0x09, 0x09, 0x00, 0x00, 0x09, 0x09, 0x0b, 0x0b, 0x0b, 0x0b,
        0x0b, 0x0b, 0x0b, 0x09, 0x0b, 0x0b, 0x0b, 0x0b, 0x0b, 0x0b, 0x0b, 0x09, 0x0b, 0x0b, 0x0b, 0x0b,
        0x0b, 0x09, 0x09, 0x00, 0x00, 0x00, 0x00, 0x09, 0x09, 0x0b, 0x0b, 0x0b, 0x0b, 0x0b, 0x09, 0x09,
        0x00, 0x00, 0x0a, 0x09, 0x09, 0x09, 0x09, 0x09, 0x0a, 0x0a, 0x0a, 0x0a, 0x09, 0x09, 0x0b, 0x0b,
        0x0b, 0x0b, 0x0b, 0x0b, 0x0b, 0x0b, 0x0b, 0x0b, 0x0b, 0x0b, 0x09, 0x09, 0x09, 0x0a, 0x0a, 0x09,
        0x09, 0x09, 0x09, 0x09, 0x09, 0x09, 0x0a, 0x0a, 0x0a, 0x0a, 0x09, 0x09, 0x09, 0x0a, 0x0a, 0x09,
        0x09, 0x09, 0x0b, 0x0b, 0x0b, 0x0b, 0x0b, 0x0b, 0x0b, 0x0b, 0x0b, 0x09, 0x09, 0x09, 0x09, 0x0a,
        0x0a, 0x0a, 0x0a, 0x0a, 0x0a, 0x0a, 0x0a, 0x0a, 0x0a, 0x0a, 0x0a, 0x0a, 0x0a, 0x0a, 0x0a, 0x0a,
        0x0a, 0x0a, 0x0a, 0x0a, 0x0a, 0x0a, 0x0a, 0x0a, 0x0a, 0x0a, 0x0a, 0x0a, 0x0a, 0x0a, 0x0a, 0x0a,
        0x0a, 0x0a, 0x0a, 0x0a, 0x0a, 0x0a, 0x0a, 0x0a,
    },
    {
        0x0a, 0x0a, 0x0a, 0x0a, 0x0a, 0x0a, 0x0a, 0x0a, 0x0a, 0x0a, 0x0a, 0x0a, 0x0a, 0x0a, 0x0a, 0x0a,
        0x0a, 0x0a, 0x0a, 0x0a, 0x0a, 0x0a, 0x0a, 0x0a, 0x0a, 0x0a, 0x0a, 0x0a, 0x0a, 0x09, 0x09, 0x0b,
        0x0b, 0x0b, 0x0b, 0x0b, 0x0b, 0x0b, 0x0b, 0x0b, 0x0b, 0x09, 0x09, 0x00, 0x00, 0x0a, 0x09, 0x09,
        0x0b, 0x0b, 0x0b, 0x0b, 0x0b, 0x0b, 0x09, 0x09, 0x00, 0x00, 0x00, 0x09, 0x09, 0x0b, 0x0b, 0x0b,
        0x0b, 0x0b, 0x0b, 0x09, 0x0b, 0x0b, 0x0b, 0x0b, 0x0b, 0x0b, 0x0b, 0x09, 0x0b, 0x0b, 0x0b, 0x0b,
        0x0b, 0x09, 0x09, 0x00, 0x00, 0x00, 0x00, 0x09, 0x09, 0x0b, 0x0b, 0x0b, 0x0b, 0x0b, 0x09, 0x09,
        0x00, 0x00, 0x09, 0x09, 0x09, 0x09, 0x09, 0x09, 0x09, 0x0a, 0x0a, 0x0a, 0x09, 0x09, 0x0b, 0x0b,
        0x0b, 0x0b, 0x0b, 0x0b, 0x0b, 0x0b, 0x0b, 0x0b, 0x0b, 0x09, 0x09, 0x09, 0x0a, 0x0a, 0x0a, 0x0a,
        0x09, 0x09, 0x09, 0x09, 0x09, 0x0a, 0x0a, 0x0a, 0x0a, 0x0a, 0x0a, 0x09, 0x09, 0x09, 0x09, 0x09,
        0x0b, 0x0b, 0x0b, 0x0b, 0x0b, 0x0b, 0x0b, 0x0b, 0x0b, 0x0b, 0x0b, 0x0b, 0x0b, 0x09, 0x09, 0x09,
        0x09, 0x0a, 0x0a, 0x0a, 0x0a, 0x0a, 0x0a, 0x0a, 0x0a, 0x0a, 0x0a, 0x0a, 0x0a, 0x0a, 0x0a, 0x0a,
        0x0a, 0x0a, 0x0a, 0x0a, 0x0a, 0x0a, 0x0a, 0x0a, 0x0a, 0x0a, 0x0a, 0x0a, 0x0a, 0x0a, 0x0a, 0x0a,
        0x0a, 0x0a, 0x0a, 0x0a, 0x0a, 0x0a, 0x0a, 0x0a,
    },
    {
        0x0a, 0x0a, 0x0a, 0x0a, 0x0a, 0x0a, 0x0a, 0x0a, 0x0a, 0x0a, 0x0a, 0x0a, 0x0a, 0x0a, 0x0a, 0x0a,
        0x0a, 0x0a, 0x0a, 0x0a, 0x09, 0x09, 0x09, 0x09, 0x0a, 0x0a, 0x0a, 0x0a, 0x0a, 0x09, 0x09, 0x0b,
        0x0b, 0x0b, 0x0b, 0x0b, 0x0b, 0x0b, 0x0b, 0x0b, 0x0b, 0x09, 0x09, 0x00, 0x00, 0x00, 0x09, 0x09,
        0x0b, 0x0b, 0x0b, 0x0b, 0x0b, 0x0b, 0x09, 0x09, 0x00, 0x00, 0x00, 0x09, 0x09, 0x0b, 0x0b, 0x0b,
        0x0b, 0x0b, 0x0b, 0x09, 0x0b, 0x0b, 0x0b, 0x0b, 0x0b, 0x0b, 0x0b, 0x09, 0x0b, 0x0b, 0x0b, 0x0b,
        0x0b, 0x09, 0x09, 0x00, 0x00, 0x00, 0x00, 0x09, 0x09, 0x0b, 0x0b, 0x0b, 0x0b, 0x0b, 0x09, 0x09,
        0x00, 0x09, 0x09, 0x09, 0x09, 0x09, 0x09, 0x09, 0x09, 0x09, 0x0a, 0x0a, 0x09, 0x09, 0x0b, 0x0b,
        0x0b, 0x0b, 0x0b, 0x0b, 0x0b, 0x0b, 0x0b, 0x0b, 0x0b, 0x09, 0x09, 0x0a, 0x0a, 0x0a, 0x0a, 0x0a,
        0x0a, 0x0a, 0x0a, 0x0a, 0x0a, 0x0a, 0x0a, 0x0a, 0x0a, 0x0a, 0x0a, 0x0a, 0x09, 0x09, 0x09, 0x0b,
        0x0b, 0x0b, 0x0b, 0x0b, 0x0b, 0x0b, 0x0b, 0x0b, 0x0b, 0x0b, 0x0b, 0x0b, 0x0b, 0x0b, 0x0b, 0x09,
        0x09, 0x0a, 0x0a, 0x0a, 0x0a, 0x0a, 0x0a, 0x0a, 0x0a, 0x0a, 0x0a, 0x0a, 0x0a, 0x0a, 0x0a, 0x0a,
        0x0a, 0x0a, 0x0a, 0x0a, 0x0a, 0x0a, 0x0a, 0x0a, 0x0a, 0x0a, 0x0a, 0x0a, 0x0a, 0x0a, 0x0a, 0x0a,
        0x0a, 0x0a, 0x0a, 0x0a, 0x0a, 0x0a, 0x0a, 0x0a,
    },
    {
        0x0a, 0x0a, 0x0a, 0x0a, 0x0a, 0x0a, 0x0a, 0x0a, 0x0a, 0x0a, 0x0a, 0x0a, 0x0a, 0x0a, 0x0a, 0x0a,
        0x09, 0x09, 0x09, 0x09, 0x09, 0x09, 0x09, 0x09, 0x09, 0x0a, 0x0a, 0x0a, 0x0a, 0x09, 0x09, 0x0b,
        0x0b, 0x0b, 0x0b, 0x0b, 0x0b, 0x0b, 0x0b, 0x0b, 0x0b, 0x0b, 0x09, 0x09, 0x00, 0x00, 0x09, 0x09,
        0x0b, 0x0b, 0x0b, 0x0b, 0x0b, 0x0b, 0x09, 0x09, 0x00, 0x00, 0x00, 0x09, 0x09, 0x0b, 0x0b, 0x0b,
        0x0b, 0x0b, 0x0b, 0x09, 0x0b, 0x0b, 0x0b, 0x0b, 0x0b, 0x0b, 0x0b, 0x09, 0x0b, 0x0b, 0x0b, 0x0b,
        0x0b, 0x09, 0x09, 0x00, 0x00, 0x00, 0x0a, 0x09, 0x09, 0x0b, 0x0b, 0x0b, 0x0b, 0x0b, 0x09, 0x09,
        0x00, 0x09, 0x09, 0x09, 0x09, 0x0a, 0x09, 0x09, 0x09, 0x09, 0x09, 0x0a, 0x09, 0x09, 0x0b, 0x0b,
        0x0b, 0x0b, 0x0b, 0x0b, 0x0b, 0x0b, 0x0b, 0x0b, 0x09, 0x09, 0x0a, 0x0a, 0x0a, 0x0a, 0x0a, 0x0a,
        0x0a, 0x0a, 0x0a, 0x0a, 0x0a, 0x0a, 0x0a, 0x0a, 0x0a, 0x0a, 0x0a, 0x0a, 0x09, 0x09, 0x09, 0x0b,
        0x0b, 0x0b, 0x0b, 0x0b, 0x0b, 0x0b, 0x0b, 0x0b, 0x0b, 0x0b, 0x0b, 0x0b, 0x0b, 0x0b, 0x09, 0x09,
        0x09, 0x0a, 0x0a, 0x0a, 0x0a, 0x0a, 0x0a, 0x0a, 0x0a, 0x0a, 0x0a, 0x0a, 0x0a, 0x0a, 0x0a, 0x0a,
        0x0a, 0x0a, 0x0a, 0x0a, 0x0a, 0x0a, 0x0a, 0x0a, 0x0a, 0x0a, 0x0a, 0x0a, 0x0a, 0x0a, 0x0a, 0x0a,
        0x0a, 0x0a, 0x0a, 0x0a, 0x0a, 0x0a, 0x0a, 0x0a,
    },
    {
        0x0a, 0x0a, 0x0a, 0x0a, 0x0a, 0x0a, 0x0a, 0x0a, 0x0a, 0x0a, 0x0a, 0x0a, 0x0a, 0x0a, 0x0a, 0x09,
        0x09, 0x09, 0x09, 0x09, 0x0b, 0x0b, 0x0b, 0x09, 0x09, 0x0a, 0x0a, 0x00, 0x00, 0x09, 0x09, 0x0b,
        0x0b, 0x0b, 0x0b, 0x0b, 0x0b, 0x0b, 0x0b, 0x0b, 0x0b, 0x0b, 0x09, 0x09, 0x00, 0x00, 0x09, 0x09,
        0x0b, 0x0b, 0x0b, 0x0b, 0x0b, 0x0b, 0x0b, 0x09, 0x00, 0x00, 0x00, 0x09, 0x0b, 0x0b, 0x0b, 0x0b,
        0x0b, 0x0b, 0x0b, 0x09, 0x0b, 0x0b, 0x0b, 0x0b, 0x0b, 0x0b, 0x0b, 0x09, 0x0b, 0x0b, 0x0b, 0x0b,
        0x0b, 0x09, 0x09, 0x00, 0x00, 0x0a, 0x0a, 0x09, 0x09, 0x0b, 0x0b, 0x0b, 0x0b, 0x0b, 0x09, 0x09,
        0x00, 0x09, 0x09, 0x09, 0x0a, 0x0a, 0x0a, 0x09, 0x09, 0x09, 0x09, 0x0a, 0x0a, 0x09, 0x09, 0x0b,
        0x0b, 0x0b, 0x0b, 0x0b, 0x0b, 0x0b, 0x0b, 0x0b, 0x09, 0x09, 0x0a, 0x0a, 0x0a, 0x0a, 0x0a, 0x0a,
        0x0a, 0x0a, 0x0a, 0x0a, 0x0a, 0x0a, 0x0a, 0x0a, 0x0a, 0x0a, 0x09, 0x09, 0x0a, 0x09, 0x09, 0x0b,
        0x0b, 0x0b, 0x0b, 0x0b, 0x0b, 0x0b, 0x0b, 0x0b, 0x0b, 0x0b, 0x0b, 0x0b, 0x0b, 0x0b, 0x09, 0x00,
        0x09, 0x09, 0x09, 0x0a, 0x0a, 0x0a, 0x0a, 0x0a, 0x0a, 0x0a, 0x0a, 0x0a, 0x0a, 0x0a, 0x0a, 0x0a,
        0x0a, 0x0a, 0x0a, 0x0a, 0x0a, 0x0a, 0x0a, 0x0a, 0x0a, 0x0a, 0x0a, 0x0a, 0x0a, 0x0a, 0x0a, 0x0a,
        0x0a, 0x0a, 0x0a, 0x0a, 0x0a, 0x0a, 0x0a, 0x0a,
    },
    {
        0x0a, 0x0a, 0x0a, 0x0a, 0x0a, 0x0a, 0x0a, 0x0a, 0x0a, 0x0a, 0x0a, 0x0a, 0x0a, 0x0a, 0x0a, 0x09,
        0x09, 0x0b, 0x0b, 0x0b, 0x0b, 0x0b, 0x0b, 0x09, 0x09, 0x00, 0x00, 0x00, 0x00, 0x09, 0x09, 0x0b,
        0x0b, 0x0b, 0x0b, 0x0b, 0x0b, 0x0b, 0x0b, 0x0b, 0x0b, 0x0b, 0x09, 0x09, 0x00, 0x00, 0x00, 0x09,
        0x09, 0x0b, 0x0b, 0x0b, 0x0b, 0x0b, 0x0b, 0x09, 0x00, 0x00, 0x09, 0x09, 0x0b, 0x0b, 0x0b, 0x0b,
        0x0b, 0x0b, 0x09, 0x09, 0x0b, 0x0b, 0x0b, 0x0b, 0x0b, 0x0b, 0x0b, 0x09, 0x0b, 0x0b, 0x0b, 0x0b,
        0x0b, 0x09, 0x09, 0x00, 0x00, 0x0a, 0x0a, 0x09, 0x09, 0x0b, 0x0b, 0x0b, 0x0b, 0x0b, 0x09, 0x09,
        0x00, 0x09, 0x09, 0x09, 0x0a, 0x0a, 0x0a, 0x09, 0x09, 0x09, 0x09, 0x0a, 0x0a, 0x09, 0x09, 0x0b,
        0x0b, 0x0b, 0x0b, 0x0b, 0x0b, 0x0b, 0x0b, 0x09, 0x09, 0x0a, 0x0a, 0x0a, 0x0a, 0x0a, 0x0a, 0x0a,
        0x09, 0x09, 0x09, 0x0a, 0x0a, 0x0a, 0x0a, 0x0a, 0x0a, 0x09, 0x09, 0x09, 0x09, 0x09, 0x09, 0x09,
        0x0b, 0x0b, 0x0b, 0x0b, 0x0b, 0x0b, 0x09, 0x09, 0x09, 0x0b, 0x0b, 0x0b, 0x0b, 0x09, 0x09, 0x00,
        0x09, 0x09, 0x09, 0x09, 0x09, 0x0a, 0x0a, 0x0a, 0x0a, 0x0a, 0x0a, 0x0a, 0x0a, 0x0a, 0x0a, 0x0a,
        0x0a, 0x0a, 0x0a, 0x0a, 0x0a, 0x0a, 0x0a, 0x0a, 0x0a, 0x0a, 0x0a, 0x0a, 0x0a, 0x0a, 0x0a, 0x0a,
        0x0a, 0x0a, 0x0a, 0x0a, 0x0a, 0x0a, 0x0a, 0x0a,
    },
    {
        0x0a, 0x0a, 0x0a, 0x0a, 0x0a, 0x0a, 0x0a, 0x0a, 0x0a, 0x0a, 0x0a, 0x0a, 0x0a, 0x0a, 0x0a, 0x09,
        0x09, 0x0b, 0x0b, 0x0b, 0x0b, 0x0b, 0x0b, 0x0b, 0x09, 0x09, 0x00, 0x00, 0x00, 0x09, 0x09, 0x0b,
        0x0b, 0x0b, 0x0b, 0x0b, 0x0b, 0x0b, 0x0b, 0x0b, 0x0b, 0x0b, 0x0b, 0x09, 0x09, 0x00, 0x00, 0x09,
        0x09, 0x0b, 0x0b, 0x0b, 0x0b, 0x0b, 0x0b, 0x09, 0x09, 0x09, 0x09, 0x0b, 0x0b, 0x0b, 0x0b, 0x0b,
        0x0b, 0x0b, 0x09, 0x09, 0x0b, 0x0b, 0x0b, 0x0b, 0x0b, 0x0b, 0x0b, 0x09, 0x0b, 0x0b, 0x0b, 0x0b,
        0x0b, 0x09, 0x09, 0x00, 0x00, 0x0a, 0x0a, 0x09, 0x09, 0x0b, 0x0b, 0x0b, 0x0b, 0x0b, 0x09, 0x09,
        0x00, 0x09, 0x09, 0x09, 0x09, 0x0a, 0x09, 0x09, 0x09, 0x09, 0x09, 0x0a, 0x0a, 0x09, 0x09, 0x0b,
        0x0b, 0x0b, 0x0b, 0x0b, 0x0b, 0x0b, 0x0b, 0x09, 0x09, 0x0a, 0x0a, 0x0a, 0x0a, 0x0a, 0x0a, 0x09,
        0x09, 0x09, 0x09, 0x09, 0x0a, 0x0a, 0x0a, 0x0a, 0x0a, 0x09, 0x09, 0x09, 0x09, 0x0a, 0x09, 0x09,
        0x0b, 0x0b, 0x0b, 0x0b, 0x0b, 0x09, 0x09, 0x09, 0x09, 0x09, 0x09, 0x0b, 0x0b, 0x09, 0x00, 0x09,
        0x09, 0x0b, 0x0b, 0x09, 0x09, 0x09, 0x09, 0x0a, 0x0a, 0x0a, 0x0a, 0x0a, 0x0a, 0x0a, 0x0a, 0x0a,
        0x0a, 0x0a, 0x0a, 0x0a, 0x0a, 0x0a, 0x0a, 0x0a, 0x0a, 0x0a, 0x0a, 0x0a, 0x0a, 0x0a, 0x0a, 0x0a,
        0x0a, 0x0a, 0x0a, 0x0a, 0x0a, 0x0a, 0x0a, 0x0a,
    },
    {
        0x0a, 0x0a, 0x0a, 0x0a, 0x0a, 0x0a, 0x0a, 0x09, 0x09, 0x09, 0x0a, 0x0a, 0x0a, 0x0a, 0x0a, 0x09,
        0x09, 0x0b, 0x0b, 0x0b, 0x0b, 0x0b, 0x0b, 0x0b, 0x09, 0x09, 0x00, 0x00, 0x00, 0x09, 0x09, 0x0b,
        0x0b, 0x0b, 0x0b, 0x0b, 0x09, 0x09, 0x0b, 0x0b, 0x0b, 0x0b, 0x0b, 0x09, 0x09, 0x00, 0x00, 0x09,
        0x09, 0x0b, 0x0b, 0x0b, 0x0b, 0x0b, 0x0b, 0x09, 0x09, 0x09, 0x0b, 0x0b, 0x0b, 0x0b, 0x0b, 0x0b,
        0x0b, 0x09, 0x09, 0x09, 0x09, 0x0b, 0x0b, 0x0b, 0x0b, 0x0b, 0x0b, 0x09, 0x0b, 0x0b, 0x0b, 0x0b,
        0x0b, 0x0b, 0x09, 0x09, 0x00, 0x00, 0x09, 0x09, 0x0b, 0x0b, 0x0b, 0x0b, 0x0b, 0x0b, 0x09, 0x00,
        0x00, 0x09, 0x09, 0x09, 0x09, 0x09, 0x09, 0x09, 0x09, 0x09, 0x0a, 0x0a, 0x0a, 0x09, 0x09, 0x0b,
        0x0b, 0x0b, 0x0b, 0x0b, 0x0b, 0x0b, 0x09, 0x09, 0x0a, 0x0a, 0x0a, 0x0a, 0x0a, 0x0a, 0x0a, 0x09,
        0x09, 0x09, 0x09, 0x09, 0x0a, 0x0a, 0x0a, 0x0a, 0x0a, 0x09, 0x09, 0x09, 0x09, 0x0a, 0x09, 0x09,
        0x0b, 0x0b, 0x0b, 0x0b, 0x09, 0x09, 0x09, 0x00, 0x00, 0x09, 0x09, 0x09, 0x09, 0x09, 0x00, 0x09,
        0x09, 0x0b, 0x0b, 0x0b, 0x0b, 0x09, 0x09, 0x09, 0x09, 0x0a, 0x0a, 0x0a, 0x0a, 0x0a, 0x0a, 0x0a,
        0x0a, 0x0a, 0x0a, 0x0a, 0x0a, 0x0a, 0x0a, 0x0a, 0x0a, 0x0a, 0x0a, 0x0a, 0x0a, 0x0a, 0x0a, 0x0a,
        0x0a, 0x0a, 0x0a, 0x0a, 0x0a, 0x0a, 0x0a, 0x0a,
    },
    {
        0x0a, 0x0a, 0x0a, 0x0a, 0x0a, 0x09, 0x09, 0x09, 0x09, 0x09, 0x0a, 0x0a, 0x0a, 0x00, 0x00, 0x09,
        0x09, 0x0b, 0x0b, 0x0b, 0x0b, 0x0b, 0x0b, 0x0b, 0x09, 0x09, 0x00, 0x00, 0x00, 0x09, 0x09, 0x0b,
        0x0b, 0x0b, 0x0b, 0x0b, 0x09, 0x09, 0x09, 0x0b, 0x0b, 0x0b, 0x0b, 0x0b, 0x09, 0x09, 0x00, 0x09,
        0x09, 0x0b, 0x0b, 0x0b, 0x0b, 0x0b, 0x0b, 0x0b, 0x0b, 0x0b, 0x0b, 0x0b, 0x0b, 0x0b, 0x0b, 0x0b,
        0x0b, 0x09, 0x09, 0x09, 0x09, 0x0b, 0x0b, 0x0b, 0x0b, 0x0b, 0x0b, 0x09, 0x09, 0x0b, 0x0b, 0x0b,
        0x0b, 0x0b, 0x09, 0x09, 0x09, 0x09, 0x09, 0x09, 0x0b, 0x0b, 0x0b, 0x0b, 0x0b, 0x0b, 0x09, 0x00,
        0x00, 0x00, 0x09, 0x09, 0x09, 0x09, 0x09, 0x09, 0x09, 0x0a, 0x0a, 0x0a, 0x0a, 0x09, 0x09, 0x0b,
        0x0b, 0x0b, 0x0b, 0x0b, 0x0b, 0x0b, 0x09, 0x09, 0x0a, 0x0a, 0x0a, 0x0a, 0x0a, 0x0a, 0x09, 0x09,
        0x09, 0x09, 0x09, 0x09, 0x09, 0x0a, 0x0a, 0x0a, 0x0a, 0x0a, 0x09, 0x09, 0x0a, 0x0a, 0x09, 0x09,
        0x0b, 0x0b, 0x0b, 0x0b, 0x09, 0x09, 0x00, 0x00, 0x00, 0x00, 0x00, 0x09, 0x09, 0x00, 0x09, 0x09,
        0x0b, 0x0b, 0x0b, 0x0b, 0x0b, 0x0b, 0x0b, 0x09, 0x09, 0x09, 0x0a, 0x0a, 0x0a, 0x0a, 0x0a, 0x0a,
        0x0a, 0x0a, 0x0a, 0x0a, 0x0a, 0x0a, 0x0a, 0x0a, 0x0a, 0x0a, 0x0a, 0x0a, 0x0a, 0x0a, 0x0a, 0x0a,
        0x0a, 0x0a, 0x0a, 0x0a, 0x0a, 0x0a, 0x0a, 0x0a,
    },
    {
        0x0a, 0x0a, 0x0a, 0x09, 0x09, 0x09, 0x09, 0x0b, 0x0b, 0x09, 0x09, 0x0a, 0x00, 0x00, 0x00, 0x09,
        0x09, 0x0b, 0x0b, 0x0b, 0x0b, 0x0b, 0x0b, 0x0b, 0x0b, 0x09, 0x09, 0x00, 0x00, 0x09, 0x09, 0x0b,
        0x0b, 0x0b, 0x0b, 0x0b, 0x09, 0x00, 0x09, 0x0b, 0x0b, 0x0b, 0x0b, 0x0b, 0x09, 0x09, 0x00, 0x09,
        0x09, 0x0b, 0x0b, 0x0b, 0x0b, 0x0b, 0x0b, 0x0b, 0x0b, 0x0b, 0x0b, 0x0b, 0x0b, 0x0b, 0x0b, 0x0b,
        0x09, 0x09, 0x00, 0x09, 0x09, 0x0b, 0x0b, 0x0b, 0x0b, 0x0b, 0x0b, 0x09, 0x09, 0x0b, 0x0b, 0x0b,
        0x0b, 0x0b, 0x0b, 0x09, 0x09, 0x09, 0x09, 0x0b, 0x0b, 0x0b, 0x0b, 0x0b, 0x0b, 0x09, 0x09, 0x00,
        0x00, 0x00, 0x09, 0x09, 0x09, 0x09, 0x09, 0x09, 0x0a, 0x09, 0x0a, 0x0a, 0x0a, 0x09, 0x09, 0x0b,
        0x0b, 0x0b, 0x0b, 0x0b, 0x0b, 0x0b, 0x09, 0x09, 0x0a, 0x0a, 0x0a, 0x0a, 0x0a, 0x0a, 0x09, 0x09,
        0x09, 0x09, 0x09, 0x09, 0x09, 0x0a, 0x0a, 0x0a, 0x0a, 0x0a, 0x0a, 0x0a, 0x0a, 0x0a, 0x09, 0x09,
        0x0b, 0x0b, 0x0b, 0x0b, 0x09, 0x09, 0x00, 0x00, 0x00, 0x00, 0x00, 0x00, 0x00, 0x00, 0x09, 0x09,
        0x0b, 0x0b, 0x0b, 0x0b, 0x0b, 0x0b, 0x0b, 0x0b, 0x09, 0x09, 0x09, 0x0a, 0x0a, 0x0a, 0x0a, 0x0a,
        0x0a, 0x0a, 0x0a, 0x0a, 0x0a, 0x0a, 0x0a, 0x0a, 0x0a, 0x0a, 0x0a, 0x0a, 0x0a, 0x0a, 0x0a, 0x0a,
        0x0a, 0x0a, 0x0a, 0x0a, 0x0a, 0x0a, 0x0a, 0x0a,
    },
    {
        0x0a, 0x09, 0x09, 0x09, 0x09, 0x0b, 0x0b, 0x0b, 0x0b, 0x09, 0x09, 0x00, 0x00, 0x00, 0x00, 0x09,
        0x09, 0x0b, 0x0b, 0x0b, 0x0b, 0x0b, 0x0b, 0x0b, 0x0b, 0x09, 0x09, 0x00, 0x00, 0x09, 0x09, 0x0b,
        0x0b, 0x0b, 0x0b, 0x0b, 0x09, 0x00, 0x09, 0x09, 0x0b, 0x0b, 0x0b, 0x0b, 0x09, 0x09, 0x00, 0x00,
        0x09, 0x0b, 0x0b, 0x0b, 0x0b, 0x0b, 0x0b, 0x0b, 0x0b, 0x0b, 0x0b, 0x0b, 0x0b, 0x0b, 0x0b, 0x09,
        0x09, 0x00, 0x00, 0x09, 0x09, 0x0b, 0x0b, 0x0b, 0x0b, 0x0b, 0x0b, 0x09, 0x09, 0x0b, 0x0b, 0x0b,
        0x0b, 0x0b, 0x0b, 0x0b, 0x0b, 0x0b, 0x0b, 0x0b, 0x0b, 0x0b, 0x0b, 0x0b, 0x0b, 0x09, 0x00, 0x00,
        0x00, 0x09, 0x09, 0x09, 0x09, 0x09, 0x09, 0x0a, 0x09, 0x09, 0x09, 0x0a, 0x09, 0x09, 0x0b, 0x0b,
        0x0b, 0x0b, 0x0b, 0x0b, 0x0b, 0x09, 0x09, 0x09, 0x0a, 0x0a, 0x0a, 0x0a, 0x0a, 0x0a, 0x09, 0x09,
        0x09, 0x09, 0x09, 0x09, 0x09, 0x0a, 0x0a, 0x0a, 0x0a, 0x0a, 0x0a, 0x0a, 0x0a, 0x0a, 0x09, 0x09,
        0x0b, 0x0b, 0x0b, 0x0b, 0x09, 0x09, 0x00, 0x00, 0x00, 0x00, 0x00, 0x00, 0x00, 0x09, 0x09, 0x0b,
        0x0b, 0x0b, 0x0b, 0x0b, 0x0b, 0x0b, 0x0b, 0x0b, 0x09, 0x09, 0x09, 0x0a, 0x0a, 0x0a, 0x0a, 0x0a,
        0x0a, 0x0a, 0x0a, 0x0a, 0x0a, 0x0a, 0x0a, 0x0a, 0x0a, 0x0a, 0x0a, 0x0a, 0x0a, 0x0a, 0x0a, 0x0a,
        0x0a, 0x0a, 0x0a, 0x0a, 0x0a, 0x0a, 0x0a, 0x0a,
    },
    {
        0x09, 0x09, 0x09, 0x0b, 0x0b, 0x0b, 0x0b, 0x0b, 0x0b, 0x0b, 0x09, 0x09, 0x00, 0x00, 0x00, 0x09,
        0x09, 0x0b, 0x0b, 0x0b, 0x0b, 0x0b, 0x0b, 0x0b, 0x0b, 0x09, 0x09, 0x00, 0x00, 0x09, 0x09, 0x0b,
        0x0b, 0x0b, 0x0b, 0x0b, 0x09, 0x00, 0x00, 0x09, 0x0b, 0x0b, 0x0b, 0x0b, 0x0b, 0x09, 0x09, 0x00,
        0x09, 0x0b, 0x0b, 0x0b, 0x0b, 0x0b, 0x0b, 0x0b, 0x0b, 0x0b, 0x0b, 0x0b, 0x0b, 0x0b, 0x0b, 0x09,
        0x09, 0x00, 0x00, 0x09, 0x09, 0x0b, 0x0b, 0x0b, 0x0b, 0x0b, 0x0b, 0x09, 0x09, 0x09, 0x0b, 0x0b,
        0x0b, 0x0b, 0x0b, 0x0b, 0x0b, 0x0b, 0x0b, 0x0b, 0x0b, 0x0b, 0x0b, 0x0b, 0x0b, 0x09, 0x00, 0x00,
        0x09, 0x09, 0x09, 0x09, 0x09, 0x09, 0x09, 0x09, 0x09, 0x09, 0x09, 0x0a, 0x09, 0x09, 0x0b, 0x0b,
        0x0b, 0x0b, 0x0b, 0x0b, 0x0b, 0x09, 0x09, 0x09, 0x0a, 0x0a, 0x0a, 0x0a, 0x0a, 0x0a, 0x0a, 0x09,
        0x09, 0x09, 0x09, 0x09, 0x0a, 0x0a, 0x0a, 0x0a, 0x0a, 0x0a, 0x0a, 0x0a, 0x0a, 0x09, 0x09, 0x0b,
        0x0b, 0x0b, 0x0b, 0x0b, 0x0b, 0x09, 0x09, 0x00, 0x0a, 0x0a, 0x00, 0x00, 0x00, 0x09, 0x09, 0x0b,
        0x0b, 0x0b, 0x0b, 0x0b, 0x0b, 0x0b, 0x0b, 0x09, 0x09, 0x09, 0x0a, 0x0a, 0x0a, 0x09, 0x09, 0x09,
        0x0a, 0x0a, 0x0a, 0x0a, 0x0a, 0x0a, 0x0a, 0x0a, 0x0a, 0x0a, 0x0a, 0x0a, 0x0a, 0x0a, 0x0a, 0x0a,
        0x0a, 0x0a, 0x0a, 0x0a, 0x0a, 0x0a, 0x0a, 0x0a,
    },
    {
        0x09, 0x09, 0x0b, 0x0b, 0x0b, 0x0b, 0x0b, 0x0b, 0x0b, 0x0b, 0x09, 0x09, 0x00, 0x00, 0x00, 0x09,
        0x09, 0x0b, 0x0b, 0x0b, 0x0b, 0x0b, 0x0b, 0x0b, 0x0b, 0x0b, 0x09, 0x09, 0x00, 0x09, 0x09, 0x0b,
        0x0b, 0x0b, 0x0b, 0x0b, 0x09, 0x00, 0x00, 0x09, 0x09, 0x0b, 0x0b, 0x0b, 0x0b, 0x09, 0x09, 0x00,
        0x09, 0x09, 0x0b, 0x0b, 0x0b, 0x0b, 0x0b, 0x0b, 0x0b, 0x0b, 0x0b, 0x0b, 0x0b, 0x0b, 0x0b, 0x0b,
        0x09, 0x09, 0x00, 0x09, 0x09, 0x0b, 0x0b, 0x0b, 0x0b, 0x0b, 0x0b, 0x09, 0x09, 0x09, 0x0b, 0x0b,
        0x0b, 0x0b, 0x0b, 0x0b, 0x0b, 0x0b, 0x0b, 0x0b, 0x0b, 0x0b, 0x0b, 0x0b, 0x09, 0x09, 0x00, 0x09,
        0x09, 0x09, 0x09, 0x09, 0x09, 0x09, 0x09, 0x09, 0x09, 0x09, 0x0a, 0x0a, 0x09, 0x09, 0x0b, 0x0b,
        0x0b, 0x0b, 0x0b, 0x0b, 0x0b, 0x09, 0x09, 0x09, 0x0a, 0x0a, 0x0a, 0x0a, 0x0a, 0x0a, 0x0a, 0x09,
        0x09, 0x09, 0x09, 0x09, 0x0a, 0x0a, 0x0a, 0x0a, 0x0a, 0x0a, 0x0a, 0x0a, 0x0a, 0x09, 0x09, 0x0b,
        0x0b, 0x0b, 0x0b, 0x0b, 0x0b, 0x09, 0x09, 0x0a, 0x0a, 0x0a, 0x0a, 0x00, 0x09, 0x09, 0x0b, 0x0b,
        0x0b, 0x0b, 0x0b, 0x0b, 0x0b, 0x0b, 0x0b, 0x09, 0x09, 0x00, 0x0a, 0x0a, 0x09, 0x09, 0x09, 0x09,
        0x09, 0x0a, 0x0a, 0x0a, 0x0a, 0x0a, 0x0a, 0x0a, 0x0a, 0x0a, 0x0a, 0x0a, 0x0a, 0x0a, 0x0a, 0x0a,
        0x0a, 0x0a, 0x0a, 0x0a, 0x0a, 0x0a, 0x0a, 0x0a,
    },
    {
        0x09, 0x09, 0x0b, 0x0b, 0x0b, 0x0b, 0x0b, 0x0b, 0x0b, 0x0b, 0x0b, 0x09, 0x09, 0x00, 0x00, 0x09,
        0x09, 0x0b, 0x0b, 0x0b, 0x0b, 0x0b, 0x0b, 0x0b, 0x0b, 0x0b, 0x09, 0x09, 0x00, 0x00, 0x09, 0x09,
        0x0b, 0x0b, 0x0b, 0x0b, 0x09, 0x09, 0x09, 0x09, 0x09, 0x0b, 0x0b, 0x0b, 0x0b, 0x09, 0x09, 0x00,
        0x09, 0x09, 0x0b, 0x0b, 0x0b, 0x0b, 0x0b, 0x0b, 0x0b, 0x0b, 0x0b, 0x0b, 0x0b, 0x0b, 0x0b, 0x0b,
        0x09, 0x09, 0x00, 0x09, 0x09, 0x0b, 0x0b, 0x0b, 0x0b, 0x0b, 0x0b, 0x09, 0x09, 0x09, 0x09, 0x0b,
        0x0b, 0x0b, 0x0b, 0x0b, 0x0b, 0x0b, 0x0b, 0x0b, 0x0b, 0x0b, 0x0b, 0x0b, 0x09, 0x00, 0x00, 0x09,
        0x09, 0x09, 0x09, 0x0a, 0x09, 0x09, 0x09, 0x09, 0x09, 0x09, 0x0a, 0x0a, 0x09, 0x09, 0x0b, 0x0b,
        0x0b, 0x0b, 0x0b, 0x0b, 0x09, 0x09, 0x00, 0x09, 0x09, 0x0a, 0x0a, 0x0a, 0x0a, 0x0a, 0x0a, 0x0a,
        0x09, 0x09, 0x09, 0x0a, 0x0a, 0x0a, 0x0a, 0x0a, 0x0a, 0x0a, 0x0a, 0x0a, 0x0a, 0x09, 0x09, 0x0b,
        0x0b, 0x0b, 0x0b, 0x0b, 0x0b, 0x0b, 0x09, 0x09, 0x0a, 0x0a, 0x0a, 0x0a, 0x09, 0x09, 0x0b, 0x0b,
        0x0b, 0x0b, 0x0b, 0x0b, 0x0b, 0x0b, 0x09, 0x09, 0x00, 0x00, 0x00, 0x09, 0x09, 0x09, 0x0b, 0x09,
        0x09, 0x09, 0x0a, 0x0a, 0x0a, 0x0a, 0x0a, 0x0a, 0x0a, 0x0a, 0x0a, 0x0a, 0x0a, 0x0a, 0x0a, 0x0a,
        0x0a, 0x0a, 0x0a, 0x0a, 0x0a, 0x0a, 0x0a, 0x0a,
    },
    {
        0x09, 0x09, 0x0b, 0x0b, 0x0b, 0x0b, 0x0b, 0x0b, 0x0b, 0x0b, 0x0b, 0x09, 0x09, 0x00, 0x00, 0x09,
        0x09, 0x0b, 0x0b, 0x0b, 0x0b, 0x0b, 0x0b, 0x0b, 0x0b, 0x0b, 0x0b, 0x09, 0x09, 0x00, 0x09, 0x09,
        0x0b, 0x0b, 0x0b, 0x0b, 0x09, 0x09, 0x09, 0x0b, 0x0b, 0x0b, 0x0b, 0x0b, 0x0b, 0x0b, 0x09, 0x09,
        0x09, 0x09, 0x0b, 0x0b, 0x0b, 0x0b, 0x0b, 0x09, 0x0b, 0x0b, 0x0b, 0x0b, 0x0b, 0x0b, 0x0b, 0x0b,
        0x0b, 0x09, 0x09, 0x09, 0x09, 0x0b, 0x0b, 0x0b, 0x0b, 0x0b, 0x0b, 0x09, 0x09, 0x09, 0x09, 0x09,
        0x0b, 0x0b, 0x0b, 0x0b, 0x0b, 0x0b, 0x0b, 0x0b, 0x0b, 0x0b, 0x0b, 0x09, 0x09, 0x00, 0x00, 0x09,
        0x09, 0x09, 0x0a, 0x0a, 0x0a, 0x09, 0x09, 0x09, 0x09, 0x0a, 0x0a, 0x0a, 0x09, 0x09, 0x0b, 0x0b,
        0x0b, 0x0b, 0x0b, 0x0b, 0x09, 0x09, 0x00, 0x09, 0x09, 0x0a, 0x0a, 0x0a, 0x0a, 0x0a, 0x0a, 0x0a,
        0x0a, 0x0a, 0x0a, 0x0a, 0x0a, 0x0a, 0x0a, 0x0a, 0x0a, 0x0a, 0x0a, 0x0a, 0x09, 0x09, 0x09, 0x09,
        0x0b, 0x0b, 0x0b, 0x0b, 0x0b, 0x0b, 0x09, 0x09, 0x0a, 0x0a, 0x0a, 0x09, 0x09, 0x0b, 0x0b, 0x0b,
        0x0b, 0x0b, 0x0b, 0x0b, 0x0b, 0x0b, 0x09, 0x09, 0x00, 0x00, 0x00, 0x09, 0x09, 0x0b, 0x0b, 0x0b,
        0x09, 0x09, 0x0a, 0x0a, 0x0a, 0x09, 0x09, 0x0a, 0x0a, 0x0a, 0x0a, 0x0a, 0x0a, 0x0a, 0x0a, 0x0a,
        0x0a, 0x0a, 0x0a, 0x0a, 0x0a, 0x0a, 0x0a, 0x0a,
    },
    {
        0x09, 0x09, 0x0b, 0x0b, 0x0b, 0x0b, 0x0b, 0x0b, 0x0b, 0x0b, 0x0b, 0x0b, 0x09, 0x09, 0x00, 0x09,
        0x09, 0x0b, 0x0b, 0x0b, 0x0b, 0x0b, 0x0b, 0x0b, 0x0b, 0x0b, 0x0b, 0x09, 0x09, 0x00, 0x09, 0x09,
        0x0b, 0x0b, 0x0b, 0x0b, 0x0b, 0x0b, 0x0b, 0x0b, 0x0b, 0x0b, 0x0b, 0x0b, 0x0b, 0x0b, 0x09, 0x09,
        0x09, 0x09, 0x0b, 0x0b, 0x0b, 0x0b, 0x0b, 0x09, 0x09, 0x09, 0x0b, 0x0b, 0x0b, 0x0b, 0x0b, 0x0b,
        0x0b, 0x0b, 0x09, 0x09, 0x09, 0x0b, 0x0b, 0x0b, 0x0b, 0x0b, 0x0b, 0x09, 0x09, 0x00, 0x09, 0x09,
        0x09, 0x09, 0x0b, 0x0b, 0x0b, 0x0b, 0x0b, 0x0b, 0x0b, 0x09, 0x09, 0x09, 0x00, 0x00, 0x00, 0x09,
        0x09, 0x09, 0x09, 0x09, 0x09, 0x09, 0x09, 0x09, 0x09, 0x0a, 0x0a, 0x09, 0x09, 0x0b, 0x0b, 0x0b,
        0x0b, 0x0b, 0x0b, 0x0b, 0x09, 0x09, 0x00, 0x09, 0x09, 0x09, 0x0a, 0x09, 0x09, 0x0a, 0x0a, 0x0a,
        0x0a, 0x0a, 0x0a, 0x0a, 0x0a, 0x0a, 0x09, 0x09, 0x0a, 0x0a, 0x0a, 0x0a, 0x09, 0x09, 0x09, 0x09,
        0x0b, 0x0b, 0x0b, 0x0b, 0x0b, 0x0b, 0x09, 0x09, 0x0a, 0x0a, 0x0a, 0x09, 0x09, 0x0b, 0x0b, 0x0b,
        0x0b, 0x0b, 0x0b, 0x0b, 0x0b, 0x09, 0x09, 0x00, 0x00, 0x00, 0x09, 0x09, 0x0b, 0x0b, 0x0b, 0x0b,
        0x0b, 0x09, 0x09, 0x0a, 0x09, 0x09, 0x09, 0x09, 0x09, 0x0a, 0x0a, 0x0a, 0x0a, 0x0a, 0x0a, 0x0a,
        0x0a, 0x0a, 0x0a, 0x0a, 0x0a, 0x0a, 0x0a, 0x0a,
    },
    {
        0x0a, 0x09, 0x09, 0x0b, 0x0b, 0x0b, 0x0b, 0x0b, 0x0b, 0x0b, 0x0b, 0x0b, 0x09, 0x09, 0x09, 0x09,
        0x09, 0x0b, 0x0b, 0x0b, 0x0b, 0x0b, 0x0b, 0x0b, 0x0b, 0x0b, 0x0b, 0x09, 0x09, 0x00, 0x09, 0x09,
        0x0b, 0x0b, 0x0b, 0x0b, 0x0b, 0x0b, 0x0b, 0x0b, 0x0b, 0x0b, 0x0b, 0x0b, 0x0b, 0x0b, 0x09, 0x09,
        0x09, 0x09, 0x0b, 0x0b, 0x0b, 0x0b, 0x0b, 0x09, 0x09, 0x09, 0x09, 0x0b, 0x0b, 0x0b, 0x0b, 0x0b,
        0x0b, 0x0b, 0x0b, 0x09, 0x09, 0x0b, 0x0b, 0x0b, 0x0b, 0x0b, 0x0b, 0x09, 0x09, 0x00, 0x00, 0x0a,
        0x09, 0x09, 0x09, 0x09, 0x09, 0x09, 0x09, 0x09, 0x09, 0x09, 0x09, 0x00, 0x00, 0x00, 0x00, 0x00,
        0x09, 0x09, 0x09, 0x09, 0x09, 0x09, 0x09, 0x09, 0x09, 0x09, 0x0a, 0x09, 0x09, 0x0b, 0x0b, 0x0b,
        0x0b, 0x0b, 0x0b, 0x09, 0x09, 0x00, 0x00, 0x00, 0x09, 0x09, 0x09, 0x09, 0x09, 0x09, 0x0a, 0x0a,
        0x0a, 0x0a, 0x0a, 0x0a, 0x0a, 0x09, 0x09, 0x09, 0x09, 0x0a, 0x0a, 0x09, 0x09, 0x00, 0x00, 0x09,
        0x09, 0x0b, 0x0b, 0x0b, 0x0b, 0x0b, 0x0b, 0x09, 0x09, 0x0a, 0x09, 0x09, 0x0b, 0x0b, 0x0b, 0x0b,
        0x0b, 0x0b, 0x0b, 0x0b, 0x0b, 0x09, 0x09, 0x00, 0x00, 0x09, 0x09, 0x0b, 0x0b, 0x0b, 0x0b, 0x0b,
        0x0b, 0x09, 0x09, 0x09, 0x09, 0x0b, 0x0b, 0x09, 0x09, 0x09, 0x0a, 0x0a, 0x0a, 0x0a, 0x0a, 0x0a,
        0x0a, 0x0a, 0x0a, 0x0a, 0x0a, 0x0a, 0x0a, 0x0a,
    },
    {
        0x0a, 0x09, 0x09, 0x0b, 0x0b, 0x0b, 0x0b, 0x0b, 0x0b, 0x0b, 0x0b, 0x0b, 0x0b, 0x09, 0x09, 0x09,
        0x09, 0x0b, 0x0b, 0x0b, 0x0b, 0x0b, 0x0b, 0x0b, 0x0b, 0x0b, 0x0b, 0x0b, 0x09, 0x09, 0x09, 0x09,
        0x0b, 0x0b, 0x0b, 0x0b, 0x0b, 0x0b, 0x0b, 0x0b, 0x0b, 0x0b, 0x0b, 0x0b, 0x0b, 0x0b, 0x0b, 0x09,
        0x09, 0x09, 0x0b, 0x0b, 0x0b, 0x0b, 0x0b, 0x09, 0x09, 0x00, 0x09, 0x09, 0x0b, 0x0b, 0x0b, 0x0b,
        0x0b, 0x0b, 0x0b, 0x0b, 0x09, 0x09, 0x09, 0x09, 0x09, 0x09, 0x09, 0x09, 0x09, 0x00, 0x00, 0x0a,
        0x00, 0x00, 0x09, 0x09, 0x09, 0x09, 0x09, 0x09, 0x09, 0x00, 0x00, 0x00, 0x00, 0x00, 0x00, 0x00,
        0x00, 0x09, 0x09, 0x09, 0x09, 0x09, 0x0a, 0x09, 0x09, 0x09, 0x09, 0x09, 0x09, 0x0b, 0x0b, 0x0b,
        0x0b, 0x0b, 0x0b, 0x09, 0x09, 0x00, 0x00, 0x00, 0x09, 0x09, 0x09, 0x09, 0x09, 0x09, 0x0a, 0x0a,
        0x0a, 0x0a, 0x0a, 0x0a, 0x0a, 0x09, 0x09, 0x09, 0x09, 0x0a, 0x0a, 0x09, 0x09, 0x00, 0x00, 0x09,
        0x09, 0x0b, 0x0b, 0x0b, 0x0b, 0x0b, 0x0b, 0x09, 0x09, 0x0a, 0x09, 0x09, 0x0b, 0x0b, 0x0b, 0x0b,
        0x0b, 0x0b, 0x0b, 0x0b, 0x0b, 0x0b, 0x09, 0x09, 0x09, 0x09, 0x0b, 0x0b, 0x0b, 0x0b, 0x0b, 0x0b,
        0x0b, 0x0b, 0x09, 0x09, 0x09, 0x0b, 0x0b, 0x0b, 0x09, 0x09, 0x09, 0x0a, 0x0a, 0x0a, 0x0a, 0x0a,
        0x0a, 0x0a, 0x0a, 0x0a, 0x0a, 0x0a, 0x0a, 0x0a,
    },
    {
        0x0a, 0x09, 0x09, 0x0b, 0x0b, 0x0b, 0x0b, 0x0b, 0x0b, 0x0b, 0x0b, 0x0b, 0x0b, 0x0b, 0x09, 0x09,
        0x09, 0x0b, 0x0b, 0x0b, 0x0b, 0x0b, 0x0b, 0x0b, 0x0b, 0x0b, 0x0b, 0x0b, 0x09, 0x09, 0x09, 0x09,
        0x0b, 0x0b, 0x0b, 0x0b, 0x0b, 0x0b, 0x0b, 0x0b, 0x09, 0x09, 0x09, 0x0b, 0x0b, 0x0b, 0x0b, 0x09,
        0x09, 0x09, 0x09, 0x0b, 0x0b, 0x0b, 0x0b, 0x09, 0x09, 0x00, 0x00, 0x09, 0x09, 0x0b, 0x0b, 0x0b,
        0x0b, 0x0b, 0x0b, 0x0b, 0x0b, 0x09, 0x09, 0x09, 0x09, 0x09, 0x09, 0x09, 0x00, 0x00, 0x00, 0x0a,
        0x0a, 0x00, 0x00, 0x00, 0x00, 0x00, 0x00, 0x00, 0x00, 0x00, 0x00, 0x00, 0x00, 0x00, 0x00, 0x00,
        0x0a, 0x0a, 0x0a, 0x0a, 0x0a, 0x0a, 0x0a, 0x0a, 0x09, 0x09, 0x09, 0x09, 0x09, 0x09, 0x0b, 0x0b,
        0x0b, 0x0b, 0x0b, 0x09, 0x09, 0x00, 0x00, 0x00, 0x0a, 0x09, 0x09, 0x09, 0x09, 0x09, 0x0a, 0x0a,
        0x0a, 0x0a, 0x0a, 0x0a, 0x0a, 0x0a, 0x09, 0x09, 0x0a, 0x0a, 0x09, 0x09, 0x00, 0x00, 0x00, 0x00,
        0x09, 0x09, 0x0b, 0x0b, 0x0b, 0x0b, 0x0b, 0x0b, 0x09, 0x09, 0x09, 0x09, 0x0b, 0x0b, 0x0b, 0x0b,
        0x0b, 0x0b, 0x0b, 0x0b, 0x0b, 0x0b, 0x09, 0x09, 0x09, 0x0b, 0x0b, 0x0b, 0x0b, 0x0b, 0x0b, 0x0b,
        0x0b, 0x0b, 0x09, 0x09, 0x0b, 0x0b, 0x0b, 0x0b, 0x0b, 0x0b, 0x09, 0x09, 0x09, 0x0a, 0x0a, 0x0a,
        0x0a, 0x0a, 0x0a, 0x0a, 0x0a, 0x0a, 0x0a, 0x0a,
    },
    {
        0x0a, 0x09, 0x09, 0x0b, 0x0b, 0x0b, 0x0b, 0x0b, 0x0b, 0x0b, 0x0b, 0x0b, 0x0b, 0x0b, 0x09, 0x09,
        0x09, 0x0b, 0x0b, 0x0b, 0x0b, 0x0b, 0x0b, 0x0b, 0x0b, 0x0b, 0x0b, 0x0b, 0x09, 0x09, 0x09, 0x09,
        0x0b, 0x0b, 0x0b, 0x0b, 0x0b, 0x0b, 0x09, 0x09, 0x09, 0x09, 0x09, 0x09, 0x0b, 0x0b, 0x0b, 0x0b,
        0x09, 0x09, 0x09, 0x0b, 0x0b, 0x0b, 0x0b, 0x09, 0x09, 0x00, 0x00, 0x00, 0x09, 0x09, 0x09, 0x0b,
        0x0b, 0x0b, 0x09, 0x09, 0x09, 0x09, 0x09, 0x09, 0x0a, 0x00, 0x00, 0x00, 0x00, 0x00, 0x00, 0x0a,
        0x0a, 0x0a, 0x00, 0x00, 0x00, 0x00, 0x00, 0x00, 0x00, 0x00, 0x00, 0x00, 0x00, 0x00, 0x00, 0x0a,
        0x0a, 0x0a, 0x0a, 0x0a, 0x0a, 0x0a, 0x0a, 0x0a, 0x0a, 0x09, 0x0a, 0x09, 0x09, 0x09, 0x09, 0x09,
        0x09, 0x0b, 0x0b, 0x09, 0x00, 0x00, 0x00, 0x00, 0x0a, 0x09, 0x09, 0x09, 0x09, 0x0a, 0x0a, 0x0a,
        0x0a, 0x0a, 0x0a, 0x0a, 0x0a, 0x0a, 0x0a, 0x0a, 0x0a, 0x09, 0x09, 0x09, 0x00, 0x00, 0x00, 0x00,
        0x09, 0x09, 0x0b, 0x0b, 0x0b, 0x0b, 0x0b, 0x0b, 0x09, 0x09, 0x09, 0x0b, 0x0b, 0x0b, 0x0b, 0x0b,
        0x0b, 0x0b, 0x0b, 0x0b, 0x0b, 0x0b, 0x0b, 0x09, 0x0b, 0x0b, 0x0b, 0x0b, 0x0b, 0x0b, 0x0b, 0x0b,
        0x0b, 0x09, 0x09, 0x09, 0x0b, 0x0b, 0x0b, 0x0b, 0x0b, 0x0b, 0x0b, 0x09, 0x09, 0x09, 0x0a, 0x0a,
        0x0a, 0x0a, 0x0a, 0x0a, 0x0a, 0x0a, 0x0a, 0x0a,
    },
    {
        0x0a, 0x0a, 0x09, 0x09, 0x0b, 0x0b, 0x0b, 0x0b, 0x0b, 0x0b, 0x0b, 0x0b, 0x0b, 0x0b, 0x0b, 0x09,
        0x09, 0x0b, 0x0b, 0x0b, 0x0b, 0x0b, 0x0b, 0x0b, 0x0b, 0x0b, 0x0b, 0x0b, 0x0b, 0x09, 0x09, 0x09,
        0x0b, 0x0b, 0x0b, 0x0b, 0x09, 0x09, 0x09, 0x09, 0x00, 0x00, 0x09, 0x09, 0x0b, 0x0b, 0x0b, 0x0b,
        0x09, 0x09, 0x09, 0x0b, 0x0b, 0x0b, 0x0b, 0x09, 0x09, 0x00, 0x00, 0x00, 0x0a, 0x09, 0x09, 0x09,
        0x09, 0x09, 0x09, 0x09, 0x09, 0x00, 0x0a, 0x0a, 0x0a, 0x00, 0x00, 0x00, 0x00, 0x00, 0x00, 0x0a,
        0x0a, 0x0a, 0x0a, 0x0a, 0x00, 0x00, 0x00, 0x00, 0x00, 0x00, 0x00, 0x00, 0x00, 0x0a, 0x0a, 0x0a,
        0x0a, 0x0a, 0x0a, 0x0a, 0x0a, 0x0a, 0x0a, 0x0a, 0x0a, 0x0a, 0x0a, 0x0a, 0x0a, 0x0a, 0x09, 0x09,
        0x09, 0x09, 0x09, 0x09, 0x00, 0x00, 0x00, 0x0a, 0x0a, 0x00, 0x09, 0x09, 0x09, 0x0a, 0x0a, 0x0a,
        0x0a, 0x0a, 0x0a, 0x0a, 0x0a, 0x0a, 0x0a, 0x09, 0x09, 0x09, 0x09, 0x00, 0x00, 0x00, 0x00, 0x09,
        0x09, 0x09, 0x0b, 0x0b, 0x0b, 0x0b, 0x0b, 0x0b, 0x09, 0x09, 0x09, 0x0b, 0x0b, 0x0b, 0x0b, 0x0b,
        0x0b, 0x0b, 0x0b, 0x0b, 0x0b, 0x0b, 0x0b, 0x0b, 0x0b, 0x0b, 0x0b, 0x0b, 0x0b, 0x0b, 0x0b, 0x0b,
        0x09, 0x09, 0x09, 0x0b, 0x0b, 0x0b, 0x0b, 0x0b, 0x0b, 0x0b, 0x0b, 0x0b, 0x09, 0x09, 0x09, 0x0a,
        0x0a, 0x0a, 0x0a, 0x0a, 0x0a, 0x0a, 0x0a, 0x0a,
    },
    {
        0x0a, 0x0a, 0x09, 0x09, 0x0b, 0x0b, 0x0b, 0x0b, 0x0b, 0x0b, 0x0b, 0x0b, 0x0b, 0x0b, 0x0b, 0x0b,
        0x09, 0x0b, 0x0b, 0x0b, 0x0b, 0x0b, 0x0b, 0x0b, 0x0b, 0x0b, 0x0b, 0x0b, 0x0b, 0x09, 0x09, 0x09,
        0x0b, 0x0b, 0x0b, 0x0b, 0x09, 0x09, 0x00, 0x00, 0x00, 0x00, 0x00, 0x09, 0x09, 0x0b, 0x09, 0x09,
        0x09, 0x09, 0x09, 0x0b, 0x0b, 0x0b, 0x0b, 0x09, 0x09, 0x00, 0x00, 0x00, 0x0a, 0x0a, 0x09, 0x09,
        0x09, 0x09, 0x00, 0x00, 0x00, 0x00, 0x00, 0x0a, 0x0a, 0x00, 0x00, 0x00, 0x00, 0x00, 0x00, 0x0a,
        0x0a, 0x0a, 0x0a, 0x0a, 0x0a, 0x0a, 0x00, 0x00, 0x00, 0x00, 0x00, 0x0a, 0x0a, 0x0a, 0x0a, 0x0a,
        0x0a, 0x0a, 0x0a, 0x0a, 0x0a, 0x0a, 0x0a, 0x0a, 0x0a, 0x0a, 0x0a, 0x0a, 0x0a, 0x0a, 0x00, 0x00,
        0x00, 0x09, 0x09, 0x09, 0x00, 0x00, 0x00, 0x0a, 0x0a, 0x0a, 0x00, 0x09, 0x09, 0x09, 0x09, 0x0a,
        0x0a, 0x0a, 0x0a, 0x0a, 0x09, 0x09, 0x09, 0x09, 0x09, 0x09, 0x00, 0x00, 0x00, 0x00, 0x09, 0x09,
        0x09, 0x0b, 0x0b, 0x0b, 0x0b, 0x0b, 0x0b, 0x09, 0x09, 0x09, 0x0b, 0x0b, 0x0b, 0x0b, 0x0b, 0x0b,
        0x0b, 0x0b, 0x0b, 0x0b, 0x0b, 0x0b, 0x0b, 0x0b, 0x0b, 0x0b, 0x0b, 0x0b, 0x0b, 0x0b, 0x0b, 0x09,
        0x09, 0x09, 0x0b, 0x0b, 0x0b, 0x0b, 0x0b, 0x0b, 0x0b, 0x0b, 0x0b, 0x0b, 0x0b, 0x09, 0x09, 0x0a,
        0x0a, 0x0a, 0x0a, 0x0a, 0x0a, 0x0a, 0x0a, 0x0a,
    },
    {
        0x0a, 0x0a, 0x09, 0x09, 0x0b, 0x0b, 0x0b, 0x0b, 0x0b, 0x0b, 0x0b, 0x0b, 0x0b, 0x0b, 0x0b, 0x0b,
        0x09, 0x0b, 0x0b, 0x0b, 0x0b, 0x0b, 0x09, 0x0b, 0x0b, 0x0b, 0x0b, 0x0b, 0x0b, 0x09, 0x09, 0x09,
        0x0b, 0x0b, 0x0b, 0x0b, 0x09, 0x00, 0x00, 0x00, 0x00, 0x00, 0x00, 0x09, 0x09, 0x09, 0x09, 0x09,
        0x00, 0x09, 0x09, 0x0b, 0x0b, 0x09, 0x09, 0x09, 0x09, 0x00, 0x00, 0x00, 0x0a, 0x0a, 0x0a, 0x0a,
        0x0a, 0x00, 0x00, 0x00, 0x00, 0x00, 0x00, 0x00, 0x0a, 0x00, 0x00, 0x00, 0x00, 0x0a, 0x0a, 0x0a,
        0x0a, 0x0a, 0x0a, 0x0a, 0x0a, 0x0a, 0x0a, 0x0a, 0x0a, 0x0a, 0x0a, 0x0a, 0x0a, 0x0a, 0x0a, 0x0a,
        0x0a, 0x0a, 0x0a, 0x0a, 0x0a, 0x0a, 0x0a, 0x0a, 0x0a, 0x0a, 0x0a, 0x0a, 0x0a, 0x0a, 0x00, 0x00,
        0x00, 0x00, 0x00, 0x00, 0x00, 0x00, 0x00, 0x0a, 0x0a, 0x0a, 0x00, 0x00, 0x00, 0x09, 0x09, 0x09,
        0x09, 0x09, 0x09, 0x09, 0x09, 0x09, 0x09, 0x00, 0x00, 0x09, 0x09, 0x09, 0x09, 0x09, 0x09, 0x09,
        0x0b, 0x0b, 0x0b, 0x0b, 0x0b, 0x0b, 0x0b, 0x09, 0x09, 0x09, 0x0b, 0x0b, 0x0b, 0x0b, 0x0b, 0x0b,
        0x09, 0x09, 0x0b, 0x0b, 0x0b, 0x0b, 0x0b, 0x0b, 0x0b, 0x0b, 0x0b, 0x0b, 0x0b, 0x0b, 0x09, 0x09,
        0x09, 0x09, 0x0b, 0x0b, 0x0b, 0x0b, 0x0b, 0x0b, 0x0b, 0x0b, 0x0b, 0x0b, 0x09, 0x09, 0x09, 0x0a,
        0x0a, 0x0a, 0x0a, 0x0a, 0x0a, 0x0a, 0x0a, 0x0a,
    },
    {
        0x0a, 0x0a, 0x09, 0x09, 0x0b, 0x0b, 0x0b, 0x0b, 0x0b, 0x0b, 0x0b, 0x0b, 0x0b, 0x0b, 0x0b, 0x0b,
        0x0b, 0x0b, 0x0b, 0x0b, 0x0b, 0x0b, 0x09, 0x0b, 0x0b, 0x0b, 0x0b, 0x0b, 0x0b, 0x0b, 0x09, 0x09,
        0x0b, 0x0b, 0x0b, 0x0b, 0x09, 0x00, 0x00, 0x00, 0x00, 0x00, 0x00, 0x00, 0x09, 0x09, 0x00, 0x00,
        0x00, 0x09, 0x09, 0x09, 0x09, 0x09, 0x09, 0x09, 0x00, 0x00, 0x00, 0x00, 0x0a, 0x0a, 0x0a, 0x0a,
        0x0a, 0x0a, 0x00, 0x00, 0x00, 0x00, 0x00, 0x00, 0x00, 0x0a, 0x0a, 0x0a, 0x0a, 0x0a, 0x0a, 0x0a,
        0x0a, 0x0a, 0x0a, 0x0a, 0x0a, 0x0a, 0x0a, 0x0a, 0x0a, 0x0a, 0x0a, 0x0a, 0x0a, 0x0a, 0x0a, 0x0a,
        0x0a, 0x0a, 0x0a, 0x0a, 0x0a, 0x0a, 0x0a, 0x0a, 0x0a, 0x0a, 0x0a, 0x0a, 0x0a, 0x0a, 0x00, 0x00,
        0x00, 0x00, 0x00, 0x00, 0x00, 0x00, 0x0a, 0x0a, 0x0a, 0x0a, 0x0a, 0x00, 0x00, 0x00, 0x00, 0x09,
        0x09, 0x09, 0x09, 0x09, 0x00, 0x00, 0x00, 0x00, 0x09, 0x09, 0x09, 0x09, 0x09, 0x09, 0x0b, 0x0b,
        0x0b, 0x0b, 0x0b, 0x0b, 0x0b, 0x0b, 0x09, 0x09, 0x09, 0x0b, 0x0b, 0x0b, 0x0b, 0x0b, 0x0b, 0x09,
        0x09, 0x09, 0x09, 0x0b, 0x0b, 0x0b, 0x0b, 0x0b, 0x0b, 0x0b, 0x0b, 0x0b, 0x0b, 0x09, 0x09, 0x09,
        0x09, 0x0b, 0x0b, 0x0b, 0x0b, 0x0b, 0x0b, 0x0b, 0x0b, 0x0b, 0x0b, 0x09, 0x09, 0x09, 0x0a, 0x0a,
        0x0a, 0x0a, 0x0a, 0x0a, 0x0a, 0x0a, 0x0a, 0x0a,
    },
    {
        0x0a, 0x0a, 0x0a, 0x09, 0x09, 0x0b, 0x0b, 0x0b, 0x0b, 0x0b, 0x0b, 0x0b, 0x0b, 0x0b, 0x0b, 0x0b,
        0x0b, 0x0b, 0x0b, 0x0b, 0x0b, 0x0b, 0x09, 0x09, 0x0b, 0x0b, 0x0b, 0x0b, 0x0b, 0x0b, 0x09, 0x09,
        0x0b, 0x0b, 0x09, 0x09, 0x09, 0x00, 0x00, 0x00, 0x00, 0x00, 0x0a, 0x0a, 0x0a, 0x00, 0x00, 0x00,
        0x00, 0x09, 0x09, 0x09, 0x09, 0x0a, 0x00, 0x00, 0x00, 0x00, 0x00, 0x00, 0x0a, 0x0a, 0x0a, 0x0a,
        0x0a, 0x0a, 0x0a, 0x00, 0x00, 0x00, 0x00, 0x00, 0x00, 0x0a, 0x0a, 0x0a, 0x0a, 0x0a, 0x0a, 0x0a,
        0x0a, 0x0a, 0x0a, 0x0a, 0x0a, 0x0a, 0x0a, 0x0a, 0x0a, 0x0a, 0x0a, 0x0a, 0x0a, 0x0a, 0x0a, 0x0a,
        0x0a, 0x0a, 0x0a, 0x0a, 0x0a, 0x0a, 0x0a, 0x0a, 0x0a, 0x0a, 0x0a, 0x0a, 0x0a, 0x0a, 0x0a, 0x0a,
        0x0a, 0x00, 0x00, 0x00, 0x00, 0x00, 0x0a, 0x0a, 0x0a, 0x0a, 0x0a, 0x0a, 0x00, 0x00, 0x00, 0x00,
        0x00, 0x00, 0x00, 0x00, 0x00, 0x00, 0x00, 0x00, 0x09, 0x09, 0x0b, 0x0b, 0x0b, 0x0b, 0x0b, 0x0b,
        0x0b, 0x0b, 0x0b, 0x0b, 0x0b, 0x0b, 0x09, 0x09, 0x09, 0x0b, 0x0b, 0x0b, 0x0b, 0x0b, 0x09, 0x09,
        0x00, 0x00, 0x09, 0x09, 0x0b, 0x0b, 0x0b, 0x0b, 0x0b, 0x0b, 0x0b, 0x0b, 0x09, 0x09, 0x09, 0x09,
        0x0b, 0x0b, 0x0b, 0x0b, 0x0b, 0x0b, 0x0b, 0x0b, 0x0b, 0x0b, 0x09, 0x09, 0x00, 0x0a, 0x0a, 0x0a,
        0x0a, 0x0a, 0x0a, 0x0a, 0x0a, 0x0a, 0x0a, 0x0a,
    },
    {
        0x0a, 0x0a, 0x0a, 0x09, 0x09, 0x0b, 0x0b, 0x0b, 0x0b, 0x0b, 0x0b, 0x0b, 0x0b, 0x0b, 0x0b, 0x0b,
        0x0b, 0x0b, 0x0b, 0x0b, 0x0b, 0x0b, 0x09, 0x09, 0x0b, 0x0b, 0x0b, 0x0b, 0x0b, 0x0b, 0x09, 0x09,
        0x09, 0x09, 0x09, 0x09, 0x09, 0x00, 0x00, 0x00, 0x0a, 0x0a, 0x0a, 0x0a, 0x0a, 0x00, 0x00, 0x00,
        0x00, 0x00, 0x00, 0x0a, 0x0a, 0x0a, 0x00, 0x00, 0x00, 0x00, 0x00, 0x00, 0x0a, 0x0a, 0x0a, 0x0a,
        0x0a, 0x0a, 0x0a, 0x0a, 0x00, 0x00, 0x00, 0x0a, 0x0a, 0x0a, 0x0a, 0x0a, 0x0a, 0x0a, 0x0a, 0x0a,
        0x0a, 0x0a, 0x0a, 0x0a, 0x0a, 0x0a, 0x0a, 0x0a, 0x0a, 0x0a, 0x0a, 0x0a, 0x0a, 0x0a, 0x0a, 0x0a,
        0x0a, 0x0a, 0x0a, 0x0a, 0x0a, 0x0a, 0x0a, 0x0a, 0x0a, 0x0a, 0x0a, 0x0a, 0x0a, 0x0a, 0x0a, 0x0a,
        0x0a, 0x0a, 0x0a, 0x0a, 0x0a, 0x00, 0x0a, 0x0a, 0x0a, 0x0a, 0x0a, 0x0a, 0x0a, 0x00, 0x00, 0x00,
        0x00, 0x00, 0x00, 0x00, 0x00, 0x00, 0x00, 0x09, 0x09, 0x09, 0x0b, 0x0b, 0x0b, 0x0b, 0x0b, 0x0b,
        0x0b, 0x0b, 0x0b, 0x0b, 0x0b, 0x09, 0x09, 0x09, 0x0b, 0x0b, 0x0b, 0x0b, 0x0b, 0x0b, 0x09, 0x00,
        0x00, 0x00, 0x09, 0x09, 0x0b, 0x0b, 0x0b, 0x0b, 0x0b, 0x0b, 0x0b, 0x09, 0x09, 0x00, 0x09, 0x09,
        0x0b, 0x0b, 0x0b, 0x0b, 0x0b, 0x0b, 0x0b, 0x0b, 0x0b, 0x09, 0x09, 0x00, 0x00, 0x00, 0x0a, 0x0a,
        0x0a, 0x09, 0x0a, 0x0a, 0x0a, 0x0a, 0x0a, 0x0a,
    },
    {
        0x0a, 0x0a, 0x0a, 0x09, 0x09, 0x0b, 0x0b, 0x0b, 0x0b, 0x0b, 0x0b, 0x0b, 0x09, 0x0b, 0x0b, 0x0b,
        0x0b, 0x0b, 0x0b, 0x0b, 0x0b, 0x0b, 0x09, 0x09, 0x09, 0x0b, 0x0b, 0x0b, 0x0b, 0x0b, 0x0b, 0x09,
        0x09, 0x09, 0x09, 0x00, 0x00, 0x00, 0x00, 0x00, 0x0a, 0x0a, 0x0a, 0x0a, 0x0a, 0x0a, 0x00, 0x00,
        0x00, 0x00, 0x0a, 0x0a, 0x0a, 0x0a, 0x00, 0x00, 0x00, 0x00, 0x00, 0x00, 0x0a, 0x0a, 0x0a, 0x0a,
        0x0a, 0x0a, 0x0a, 0x0a, 0x0a, 0x0a, 0x0a, 0x0a, 0x0a, 0x0a, 0x0a, 0x0a, 0x0a, 0x0a, 0x0a, 0x0a,
        0x0a, 0x0a, 0x0a, 0x0a, 0x0a, 0x0a, 0x0a, 0x0a, 0x0a, 0x0a, 0x0a, 0x0a, 0x0a, 0x0a, 0x0a, 0x0a,
        0x0a, 0x0a, 0x0a, 0x0a, 0x0a, 0x0a, 0x0a, 0x0a, 0x0a, 0x0a, 0x0a, 0x0a, 0x0a, 0x0a, 0x0a, 0x0a,
        0x0a, 0x0a, 0x0a, 0x0a, 0x0a, 0x0a, 0x0a, 0x0a, 0x0a, 0x0a, 0x0a, 0x0a, 0x0a, 0x0a, 0x0a, 0x00,
        0x00, 0x00, 0x00, 0x00, 0x00, 0x00, 0x00, 0x09, 0x09, 0x0b, 0x0b, 0x0b, 0x0b, 0x0b, 0x0b, 0x0b,
        0x0b, 0x0b, 0x0b, 0x0b, 0x09, 0x09, 0x09, 0x09, 0x0b, 0x0b, 0x0b, 0x0b, 0x0b, 0x09, 0x00, 0x00,
        0x00, 0x09, 0x09, 0x0b, 0x0b, 0x0b, 0x0b, 0x0b, 0x0b, 0x0b, 0x09, 0x09, 0x00, 0x09, 0x09, 0x0b,
        0x0b, 0x0b, 0x0b, 0x0b, 0x0b, 0x0b, 0x0b, 0x0b, 0x09, 0x09, 0x00, 0x00, 0x00, 0x00, 0x00, 0x0a,
        0x0a, 0x0a, 0x09, 0x0a, 0x0a, 0x0a, 0x0a, 0x0a,
    },
    {
        0x0a, 0x0a, 0x0a, 0x09, 0x09, 0x0b, 0x0b, 0x0b, 0x0b, 0x0b, 0x0b, 0x0b, 0x09, 0x0b, 0x0b, 0x0b,
        0x0b, 0x0b, 0x0b, 0x0b, 0x0b, 0x0b, 0x09, 0x09, 0x09, 0x0b, 0x0b, 0x0b, 0x0b, 0x0b, 0x0b, 0x09,
        0x09, 0x00, 0x00, 0x00, 0x00, 0x00, 0x00, 0x00, 0x0a, 0x0a, 0x0a, 0x0a, 0x0a, 0x0a, 0x00, 0x00,
        0x0a, 0x0a, 0x0a, 0x0a, 0x0a, 0x0a, 0x00, 0x00, 0x00, 0x0a, 0x0a, 0x0a, 0x0a, 0x0a, 0x0a, 0x0a,
        0x0a, 0x0a, 0x0a, 0x0a, 0x0a, 0x0a, 0x0a, 0x0a, 0x0a, 0x0a, 0x0a, 0x0a, 0x0a, 0x0a, 0x0a, 0x0a,
        0x0a, 0x0a, 0x0a, 0x0a, 0x0a, 0x0a, 0x0a, 0x0a, 0x0a, 0x0a, 0x0a, 0x0a, 0x0a, 0x0a, 0x0a, 0x0a,
        0x0a, 0x0a, 0x0a, 0x0a, 0x0a, 0x0a, 0x0a, 0x0a, 0x0a, 0x0a, 0x0a, 0x0a, 0x0a, 0x0a, 0x0a, 0x0a,
        0x0a, 0x0a, 0x0a, 0x0a, 0x0a, 0x0a, 0x0a, 0x0a, 0x0a, 0x0a, 0x0a, 0x0a, 0x0a, 0x0a, 0x0a, 0x0a,
        0x0a, 0x00, 0x00, 0x00, 0x00, 0x00, 0x00, 0x09, 0x09, 0x0b, 0x0b, 0x0b, 0x0b, 0x0b, 0x0b, 0x0b,
        0x0b, 0x0b, 0x09, 0x09, 0x09, 0x00, 0x09, 0x0b, 0x0b, 0x0b, 0x0b, 0x0b, 0x09, 0x09, 0x00, 0x00,
        0x09, 0x09, 0x0b, 0x0b, 0x0b, 0x0b, 0x0b, 0x0b, 0x0b, 0x09, 0x09, 0x00, 0x00, 0x09, 0x09, 0x0b,
        0x0b, 0x0b, 0x0b, 0x0b, 0x0b, 0x0b, 0x0b, 0x09, 0x09, 0x00, 0x00, 0x00, 0x00, 0x00, 0x00, 0x0a,
        0x0a, 0x09, 0x0a, 0x09, 0x0a, 0x0a, 0x0a, 0x0a,
    },
    {
        0x0a, 0x0a, 0x0a, 0x0a, 0x09, 0x09, 0x0b, 0x0b, 0x0b, 0x0b, 0x0b, 0x0b, 0x09, 0x09, 0x0b, 0x0b,
        0x0b, 0x0b, 0x0b, 0x0b, 0x0b, 0x0b, 0x09, 0x09, 0x09, 0x0b, 0x0b, 0x0b, 0x0b, 0x0b, 0x0b, 0x09,
        0x09, 0x00, 0x0a, 0x00, 0x00, 0x00, 0x00, 0x00, 0x0a, 0x0a, 0x0a, 0x0a, 0x0a, 0x0a, 0x0a, 0x0a,
        0x0a, 0x0a, 0x0a, 0x0a, 0x0a, 0x0a, 0x0a, 0x0a, 0x0a, 0x0a, 0x0a, 0x0a, 0x0a, 0x0a, 0x0a, 0x0a,
        0x0a, 0x0a, 0x0a, 0x0a, 0x0a, 0x0a, 0x0a, 0x0a, 0x0a, 0x0a, 0x0a, 0x0a, 0x0a, 0x0a, 0x0a, 0x0a,
        0x0a, 0x0a, 0x0a, 0x0a, 0x0a, 0x0a, 0x0a, 0x0a, 0x0a, 0x0a, 0x0a, 0x0a, 0x0a, 0x0a, 0x0a, 0x0a,
        0x0a, 0x0a, 0x0a, 0x0a, 0x0a, 0x0a, 0x0a, 0x0a, 0x0a, 0x0a, 0x0a, 0x0a, 0x0a, 0x0a, 0x0a, 0x0a,
        0x0a, 0x0a, 0x0a, 0x0a, 0x0a, 0x0a, 0x0a, 0x0a, 0x0a, 0x0a, 0x0a, 0x0a, 0x0a, 0x0a, 0x0a, 0x0a,
        0x0a, 0x0a, 0x0a, 0x0a, 0x0a, 0x0a, 0x0a, 0x09, 0x09, 0x0b, 0x0b, 0x0b, 0x0b, 0x0b, 0x0b, 0x09,
        0x09, 0x09, 0x09, 0x09, 0x00, 0x09, 0x09, 0x0b, 0x0b, 0x0b, 0x0b, 0x09, 0x09, 0x00, 0x00, 0x09,
        0x09, 0x0b, 0x0b, 0x0b, 0x0b, 0x0b, 0x0b, 0x0b, 0x09, 0x09, 0x00, 0x00, 0x09, 0x09, 0x0b, 0x0b,
        0x0b, 0x0b, 0x0b, 0x0b, 0x0b, 0x0b, 0x0b, 0x09, 0x09, 0x00, 0x00, 0x00, 0x00, 0x00, 0x0a, 0x0a,
        0x09, 0x0a, 0x0a, 0x0a, 0x0a, 0x09, 0x0a, 0x0a,
    },
    {
        0x0a, 0x0a, 0x0a, 0x0a, 0x09, 0x09, 0x0b, 0x0b, 0x0b, 0x0b, 0x0b, 0x0b, 0x09, 0x09, 0x0b, 0x0b,
        0x0b, 0x0b, 0x0b, 0x0b, 0x0b, 0x0b, 0x09, 0x09, 0x09, 0x09, 0x0b, 0x0b, 0x0b, 0x0b, 0x09, 0x09,
        0x09, 0x00, 0x0a, 0x00, 0x00, 0x00, 0x00, 0x00, 0x0a, 0x0a, 0x0a, 0x0a, 0x0a, 0x0a, 0x0a, 0x0a,
        0x0a, 0x0a, 0x0a, 0x0a, 0x0a, 0x0a, 0x0a, 0x0a, 0x0a, 0x0a, 0x0a, 0x0a, 0x0a, 0x0a, 0x0a, 0x0a,
        0x0a, 0x0a, 0x0a, 0x0a, 0x0a, 0x0a, 0x0a, 0x0a, 0x0a, 0x0a, 0x0a, 0x0a, 0x0a, 0x0a, 0x0a, 0x0a,
        0x0a, 0x0a, 0x0a, 0x0a, 0x0a, 0x0a, 0x0a, 0x0a, 0x0a, 0x0a, 0x0a, 0x0a, 0x0a, 0x0a, 0x0a, 0x0a,
        0x0a, 0x0a, 0x0a, 0x0a, 0x0a, 0x0a, 0x0a, 0x0a, 0x0a, 0x0a, 0x0a, 0x0a, 0x0a, 0x0a, 0x0a, 0x0a,
        0x0a, 0x0a, 0x0a, 0x0a, 0x0a, 0x0a, 0x0a, 0x0a, 0x0a, 0x0a, 0x0a, 0x0a, 0x0a, 0x0a, 0x0a, 0x0a,
        0x0a, 0x0a, 0x0a, 0x0a, 0x0a, 0x0a, 0x0a, 0x09, 0x09, 0x09, 0x09, 0x09, 0x09, 0x09, 0x09, 0x09,
        0x09, 0x09, 0x00, 0x00, 0x09, 0x09, 0x0b, 0x0b, 0x0b, 0x0b, 0x0b, 0x09, 0x00, 0x00, 0x09, 0x09,
        0x0b, 0x0b, 0x0b, 0x0b, 0x0b, 0x0b, 0x0b, 0x09, 0x09, 0x00, 0x00, 0x09, 0x09, 0x0b, 0x0b, 0x0b,
        0x0b, 0x0b, 0x0b, 0x0b, 0x0b, 0x0b, 0x09, 0x09, 0x00, 0x00, 0x00, 0x00, 0x00, 0x0a, 0x0a, 0x0a,
        0x0a, 0x0a, 0x0a, 0x0a, 0x09, 0x09, 0x0a, 0x0a,
    },
    {
        0x0a, 0x0a, 0x0a, 0x0a, 0x09, 0x09, 0x0b, 0x0b, 0x0b, 0x0b, 0x0b, 0x0b, 0x0b, 0x09, 0x09, 0x0b,
        0x0b, 0x0b, 0x0b, 0x0b, 0x0b, 0x09, 0x09, 0x00, 0x09, 0x09, 0x0b, 0x0b, 0x09, 0x09, 0x09, 0x09,
        0x00, 0x00, 0x00, 0x00, 0x00, 0x00, 0x0a, 0x0a, 0x0a, 0x0a, 0x0a, 0x0a, 0x0a, 0x0a, 0x0a, 0x0a,
        0x0a, 0x0a, 0x0a, 0x0a, 0x0a, 0x0a, 0x0a, 0x0a, 0x0a, 0x0a, 0x0a, 0x0a, 0x0a, 0x0a, 0x0a, 0x0a,
        0x0a, 0x0a, 0x0a, 0x0a, 0x0a, 0x0a, 0x0a, 0x0a, 0x0a, 0x0a, 0x0a, 0x0a, 0x0a, 0x0a, 0x0a, 0x0a,
        0x0a, 0x0a, 0x0a, 0x0a, 0x0a, 0x0a, 0x0a, 0x0a, 0x0a, 0x0a, 0x0a, 0x0a, 0x0a, 0x0a, 0x0a, 0x0a,
        0x0a, 0x0a, 0x0a, 0x0a, 0x0a, 0x0a, 0x0a, 0x0a, 0x0a, 0x0a, 0x0a, 0x0a, 0x0a, 0x0a, 0x0a, 0x0a,
        0x0a, 0x0a, 0x0a, 0x0a, 0x0a, 0x0a, 0x0a, 0x0a, 0x0a, 0x0a, 0x0a, 0x0a, 0x0a, 0x0a, 0x0a, 0x0a,
        0x0a, 0x0a, 0x0a, 0x0a, 0x0a, 0x0a, 0x0a, 0x0a, 0x09, 0x09, 0x09, 0x09, 0x09, 0x09, 0x09, 0x00,
        0x00, 0x00, 0x00, 0x00, 0x09, 0x09, 0x09, 0x09, 0x0b, 0x0b, 0x09, 0x09, 0x00, 0x00, 0x09, 0x0b,
        0x0b, 0x0b, 0x0b, 0x0b, 0x0b, 0x0b, 0x09, 0x09, 0x00, 0x00, 0x00, 0x09, 0x09, 0x0b, 0x0b, 0x0b,
        0x0b, 0x0b, 0x0b, 0x0b, 0x0b, 0x09, 0x09, 0x00, 0x00, 0x00, 0x00, 0x00, 0x0a, 0x0a, 0x0a, 0x0a,
        0x0a, 0x0a, 0x0a, 0x09, 0x0a, 0x09, 0x0a, 0x0a,
    },
    {
        0x0a, 0x0a, 0x0a, 0x0a, 0x09, 0x09, 0x0b, 0x0b, 0x0b, 0x0b, 0x0b, 0x0b, 0x0b, 0x09, 0x09, 0x0b,
        0x0b, 0x0b, 0x0b, 0x0b, 0x0b, 0x09, 0x09, 0x00, 0x00, 0x09, 0x09, 0x09, 0x09, 0x09, 0x00, 0x00,
        0x00, 0x00, 0x00, 0x00, 0x0a, 0x0a, 0x0a, 0x0a, 0x0a, 0x0a, 0x0a, 0x0a, 0x0a, 0x0a, 0x0a, 0x0a,
        0x0a, 0x0a, 0x0a, 0x0a, 0x0a, 0x0a, 0x0a, 0x0a, 0x0a, 0x0a, 0x0a, 0x0a, 0x0a, 0x0a, 0x0a, 0x0a,
        0x0a, 0x0a, 0x0a, 0x0a, 0x0a, 0x0a, 0x0a, 0x0a, 0x0a, 0x0a, 0x0a, 0x0a, 0x0a, 0x0a, 0x0a, 0x0a,
        0x0a, 0x0a, 0x0a, 0x0a, 0x0a, 0x0a, 0x0a, 0x0a, 0x0a, 0x0a, 0x0a, 0x0a, 0x0a, 0x0a, 0x0a, 0x0a,
        0x0a, 0x0a, 0x0a, 0x0a, 0x0a, 0x0a, 0x0a, 0x0a, 0x0a, 0x0a, 0x0a, 0x0a, 0x0a, 0x0a, 0x0a, 0x0a,
        0x0a, 0x0a, 0x0a, 0x0a, 0x0a, 0x0a, 0x0a, 0x0a, 0x0a, 0x0a, 0x0a, 0x0a, 0x0a, 0x0a, 0x0a, 0x0a,
        0x0a, 0x0a, 0x0a, 0x0a, 0x0a, 0x0a, 0x0a, 0x0a, 0x0a, 0x00, 0x00, 0x00, 0x00, 0x00, 0x00, 0x00,
        0x00, 0x00, 0x00, 0x00, 0x00, 0x09, 0x09, 0x09, 0x09, 0x09, 0x09, 0x00, 0x00, 0x09, 0x0b, 0x0b,
        0x0b, 0x0b, 0x0b, 0x0b, 0x0b, 0x09, 0x09, 0x00, 0x00, 0x00, 0x09, 0x09, 0x0b, 0x0b, 0x0b, 0x0b,
        0x0b, 0x0b, 0x0b, 0x0b, 0x09, 0x09, 0x00, 0x00, 0x00, 0x00, 0x00, 0x0a, 0x0a, 0x0a, 0x0a, 0x0a,
        0x0a, 0x0a, 0x0a, 0x0a, 0x0a, 0x09, 0x09, 0x09,
    },
    {
        0x0a, 0x0a, 0x0a, 0x0a, 0x0a, 0x09, 0x09, 0x0b, 0x0b, 0x0b, 0x0b, 0x0b, 0x0b, 0x09, 0x09, 0x09,
        0x0b, 0x0b, 0x0b, 0x0b, 0x0b, 0x09, 0x09, 0x00, 0x00, 0x09, 0x09, 0x09, 0x09, 0x00, 0x00, 0x00,
        0x00, 0x00, 0x00, 0x00, 0x0a, 0x0a, 0x0a, 0x0a, 0x0a, 0x0a, 0x0a, 0x0a, 0x0a, 0x0a, 0x0a, 0x0a,
        0x0a, 0x0a, 0x0a, 0x0a, 0x0a, 0x0a, 0x0a, 0x0a, 0x0a, 0x0a, 0x0a, 0x0a, 0x0a, 0x0a, 0x0a, 0x0a,
        0x0a, 0x0a, 0x0a, 0x0a, 0x0a, 0x0a, 0x0a, 0x0a, 0x0a, 0x0a, 0x0a, 0x0a, 0x0a, 0x0a, 0x0a, 0x0a,
        0x0a, 0x0a, 0x0a, 0x0a, 0x0a, 0x0a, 0x0a, 0x0a, 0x0a, 0x0a, 0x0a, 0x0a, 0x0a, 0x0a, 0x0a, 0x0a,
        0x0a, 0x0a, 0x0a, 0x0a, 0x0a, 0x0a, 0x0a, 0x0a, 0x0a, 0x0a, 0x0a, 0x0a, 0x0a, 0x0a, 0x0a, 0x0a,
        0x0a, 0x0a, 0x0a, 0x0a, 0x0a, 0x0a, 0x0a, 0x0a, 0x0a, 0x0a, 0x0a, 0x0a, 0x0a, 0x0a, 0x0a, 0x0a,
        0x0a, 0x0a, 0x0a, 0x0a, 0x0a, 0x0a, 0x0a, 0x0a, 0x0a, 0x00, 0x00, 0x00, 0x00, 0x00, 0x00, 0x00,
        0x00, 0x00, 0x00, 0x0a, 0x0a, 0x0a, 0x00, 0x09, 0x09, 0x09, 0x00, 0x00, 0x09, 0x0b, 0x0b, 0x0b,
        0x0b, 0x0b, 0x0b, 0x0b, 0x09, 0x09, 0x00, 0x00, 0x00, 0x00, 0x09, 0x09, 0x0b, 0x0b, 0x0b, 0x0b,
        0x0b, 0x0b, 0x0b, 0x09, 0x09, 0x00, 0x00, 0x00, 0x00, 0x00, 0x0a, 0x0a, 0x0a, 0x0a, 0x0a, 0x0a,
        0x0a, 0x0a, 0x0a, 0x0a, 0x0a, 0x0a, 0x0a, 0x09,
    },
    {
        0x0a, 0x0a, 0x0a, 0x0a, 0x0a, 0x09, 0x09, 0x0b, 0x0b, 0x0b, 0x0b, 0x0b, 0x0b, 0x09, 0x09, 0x09,
        0x0b, 0x0b, 0x0b, 0x0b, 0x0b, 0x09, 0x09, 0x00, 0x00, 0x00, 0x09, 0x0a, 0x0a, 0x00, 0x00, 0x00,
        0x00, 0x00, 0x00, 0x00, 0x0a, 0x0a, 0x0a, 0x0a, 0x0a, 0x0a, 0x0a, 0x0a, 0x0a, 0x0a, 0x0a, 0x0a,
        0x0a, 0x0a, 0x0a, 0x0a, 0x0a, 0x0a, 0x0a, 0x0a, 0x0a, 0x0a, 0x0a, 0x0a, 0x0a, 0x0a, 0x0a, 0x0a,
        0x0a, 0x0a, 0x0a, 0x0a, 0x0a, 0x0a, 0x0a, 0x0a, 0x0a, 0x0a, 0x0a, 0x0a, 0x0a, 0x0a, 0x0a, 0x0a,
        0x0a, 0x0a, 0x0a, 0x0a, 0x0a, 0x0a, 0x0a, 0x0a, 0x0a, 0x0a, 0x0a, 0x0a, 0x0a, 0x0a, 0x0a, 0x0a,
        0x0a, 0x0a, 0x0a, 0x0a, 0x0a, 0x0a, 0x0a, 0x0a, 0x0a, 0x0a, 0x0a, 0x0a, 0x0a, 0x0a, 0x0a, 0x0a,
        0x0a, 0x0a, 0x0a, 0x0a, 0x0a, 0x0a, 0x0a, 0x0a, 0x0a, 0x0a, 0x0a, 0x0a, 0x0a, 0x0a, 0x0a, 0x0a,
        0x0a, 0x0a, 0x0a, 0x0a, 0x0a, 0x0a, 0x0a, 0x0a, 0x0a, 0x0a, 0x00, 0x00, 0x00, 0x00, 0x00, 0x00,
        0x00, 0x0a, 0x0a, 0x0a, 0x0a, 0x00, 0x00, 0x00, 0x00, 0x00, 0x00, 0x09, 0x0b, 0x0b, 0x0b, 0x0b,
        0x0b, 0x0b, 0x0b, 0x09, 0x09, 0x00, 0x00, 0x00, 0x00, 0x09, 0x09, 0x0b, 0x0b, 0x0b, 0x0b, 0x0b,
        0x0b, 0x0b, 0x09, 0x09, 0x00, 0x00, 0x00, 0x00, 0x00, 0x0a, 0x0a, 0x0a, 0x0a, 0x0a, 0x0a, 0x0a,
        0x0a, 0x0a, 0x0a, 0x0a, 0x0a, 0x0a, 0x09, 0x0a,
    },
    {
        0x0a, 0x0a, 0x0a, 0x0a, 0x0a, 0x09, 0x09, 0x0b, 0x0b, 0x0b, 0x0b, 0x0b, 0x0b, 0x09, 0x09, 0x09,
        0x09, 0x0b, 0x0b, 0x0b, 0x0b, 0x09, 0x09, 0x00, 0x00, 0x00, 0x0a, 0x0a, 0x0a, 0x0a, 0x00, 0x00,
        0x00, 0x00, 0x0a, 0x0a, 0x0a, 0x0a, 0x0a, 0x0a, 0x0a, 0x0a, 0x0a, 0x0a, 0x0a, 0x0a, 0x0a, 0x0a,
        0x0a, 0x0a, 0x0a, 0x0a, 0x0a, 0x0a, 0x0a, 0x0a, 0x0a, 0x0a, 0x0a, 0x0a, 0x0a, 0x0a, 0x0a, 0x0a,
        0x0a, 0x0a, 0x0a, 0x0a, 0x0a, 0x0a, 0x0a, 0x0a, 0x0a, 0x0a, 0x0a, 0x0a, 0x0a, 0x0a, 0x0a, 0x0a,
        0x0a, 0x0a, 0x0a, 0x0a, 0x0a, 0x0a, 0x0a, 0x0a, 0x0a, 0x0a, 0x0a, 0x0a, 0x0a, 0x0a, 0x0a, 0x0a,
        0x0a, 0x0a, 0x0a, 0x0a, 0x0a, 0x0a, 0x0a, 0x0a, 0x0a, 0x0a, 0x0a, 0x0a, 0x0a, 0x0a, 0x0a, 0x0a,
        0x0a, 0x0a, 0x0a, 0x0a, 0x0a, 0x0a, 0x0a, 0x0a, 0x0a, 0x0a, 0x0a, 0x0a, 0x0a, 0x0a, 0x0a, 0x0a,
        0x0a, 0x0a, 0x0a, 0x0a, 0x0a, 0x0a, 0x0a, 0x0a, 0x0a, 0x0a, 0x0a, 0x0a, 0x0a, 0x0a, 0x0a, 0x0a,
        0x0a, 0x0a, 0x0a, 0x0a, 0x0a, 0x0a, 0x00, 0x00, 0x00, 0x00, 0x00, 0x09, 0x09, 0x0b, 0x0b, 0x0b,
        0x0b, 0x0b, 0x09, 0x09, 0x00, 0x00, 0x00, 0x00, 0x09, 0x09, 0x0b, 0x0b, 0x0b, 0x0b, 0x0b, 0x0b,
        0x0b, 0x09, 0x09, 0x00, 0x00, 0x00, 0x00, 0x00, 0x00, 0x0a, 0x0a, 0x0a, 0x0a, 0x0a, 0x0a, 0x0a,
        0x0a, 0x0a, 0x0a, 0x0a, 0x0a, 0x0a, 0x0a, 0x0a,
    },
    {
        0x0a, 0x0a, 0x0a, 0x0a, 0x0a, 0x09, 0x09, 0x0b, 0x0b, 0x0b, 0x0b, 0x0b, 0x0b, 0x0b, 0x09, 0x09,
        0x09, 0x0b, 0x0b, 0x09, 0x09, 0x09, 0x09, 0x00, 0x00, 0x00, 0x0a, 0x0a, 0x0a, 0x0a, 0x00, 0x00,
        0x0a, 0x0a, 0x0a, 0x0a, 0x0a, 0x0a, 0x0a, 0x0a, 0x0a, 0x0a, 0x0a, 0x0a, 0x0a, 0x0a, 0x0a, 0x0a,
        0x0a, 0x0a, 0x0a, 0x0a, 0x0a, 0x0a, 0x0a, 0x0a, 0x0a, 0x0a, 0x0a, 0x0a, 0x0a, 0x0a, 0x0a, 0x0a,
        0x0a, 0x0a, 0x0a, 0x0a, 0x0a, 0x0a, 0x0a, 0x0a, 0x0a, 0x0a, 0x0a, 0x0a, 0x0a, 0x0a, 0x0a, 0x0a,
        0x0a, 0x0a, 0x0a, 0x0a, 0x0a, 0x0a, 0x0a, 0x0a, 0x0a, 0x0a, 0x0a, 0x0a, 0x0a, 0x0a, 0x0a, 0x0a,
        0x0a, 0x0a, 0x0a, 0x0a, 0x0a, 0x0a, 0x0a, 0x0a, 0x0a, 0x0a, 0x0a, 0x0a, 0x0a, 0x0a, 0x0a, 0x0a,
        0x0a, 0x0a, 0x0a, 0x0a, 0x0a, 0x0a, 0x0a, 0x0a, 0x0a, 0x0a, 0x0a, 0x0a, 0x0a, 0x0a, 0x0a, 0x0a,
        0x0a, 0x0a, 0x0a, 0x0a, 0x0a, 0x0a, 0x0a, 0x0a, 0x0a, 0x0a, 0x0a, 0x0a, 0x0a, 0x0a, 0x0a, 0x0a,
        0x0a, 0x0a, 0x0a, 0x0a, 0x0a, 0x0a, 0x0a, 0x00, 0x00, 0x00, 0x00, 0x00, 0x09, 0x09, 0x0b, 0x0b,
        0x0b, 0x09, 0x09, 0x00, 0x00, 0x00, 0x00, 0x0a, 0x09, 0x09, 0x0b, 0x0b, 0x0b, 0x0b, 0x0b, 0x0b,
        0x09, 0x09, 0x00, 0x00, 0x00, 0x00, 0x00, 0x00, 0x0a, 0x0a, 0x0a, 0x0a, 0x0a, 0x0a, 0x0a, 0x0a,
        0x0a, 0x0a, 0x0a, 0x0a, 0x0a, 0x0a, 0x0a, 0x0a,
    },
    {
        0x0a, 0x0a, 0x0a, 0x0a, 0x0a, 0x0a, 0x09, 0x09, 0x0b, 0x0b, 0x0b, 0x0b, 0x0b, 0x0b, 0x09, 0x09,
        0x09, 0x09, 0x09, 0x09, 0x09, 0x09, 0x00, 0x00, 0x00, 0x00, 0x0a, 0x0a, 0x0a, 0x0a, 0x0a, 0x0a,
        0x0a, 0x0a, 0x0a, 0x0a, 0x0a, 0x0a, 0x0a, 0x0a, 0x0a, 0x0a, 0x0a, 0x0a, 0x0a, 0x0a, 0x0a, 0x0a,
        0x0a, 0x0a, 0x0a, 0x0a, 0x0a, 0x0a, 0x0a, 0x0a, 0x0a, 0x0a, 0x0a, 0x0a, 0x0a, 0x0a, 0x0a, 0x0a,
        0x0a, 0x0a, 0x0a, 0x0a, 0x0a, 0x0a, 0x0a, 0x0a, 0x0a, 0x0a, 0x0a, 0x0a, 0x0a, 0x0a, 0x0a, 0x0a,
        0x0a, 0x0a, 0x0a, 0x0a, 0x0a, 0x0a, 0x0a, 0x0a, 0x0a, 0x0a, 0x0a, 0x0a, 0x0a, 0x0a, 0x0a, 0x0a,
        0x0a, 0x0a, 0x0a, 0x0a, 0x0a, 0x0a, 0x0a, 0x0a, 0x0a, 0x0a, 0x0a, 0x0a, 0x0a, 0x0a, 0x0a, 0x0a,
        0x0a, 0x0a, 0x0a, 0x0a, 0x0a, 0x0a, 0x0a, 0x0a, 0x0a, 0x0a, 0x0a, 0x0a, 0x0a, 0x0a, 0x0a, 0x0a,
        0x0a, 0x0a, 0x0a, 0x0a, 0x0a, 0x0a, 0x0a, 0x0a, 0x0a, 0x0a, 0x0a, 0x0a, 0x0a, 0x0a, 0x0a, 0x0a,
        0x0a, 0x0a, 0x0a, 0x0a, 0x0a, 0x0a, 0x0a, 0x0a, 0x00, 0x00, 0x00, 0x0a, 0x0a, 0x09, 0x09, 0x0b,
        0x09, 0x09, 0x00, 0x00, 0x00, 0x00, 0x0a, 0x09, 0x09, 0x0b, 0x0b, 0x0b, 0x0b, 0x0b, 0x0b, 0x09,
        0x09, 0x00, 0x00, 0x00, 0x00, 0x00, 0x00, 0x0a, 0x0a, 0x0a, 0x0a, 0x0a, 0x0a, 0x0a, 0x0a, 0x0a,
        0x0a, 0x0a, 0x0a, 0x0a, 0x0a, 0x0a, 0x0a, 0x0a,
    },
    {
        0x0a, 0x0a, 0x0a, 0x0a, 0x0a, 0x0a, 0x09, 0x09, 0x0b, 0x0b, 0x0b, 0x0b, 0x0b, 0x0b, 0x09, 0x09,
        0x00, 0x09, 0x09, 0x09, 0x00, 0x00, 0x00, 0x00, 0x00, 0x00, 0x0a, 0x0a, 0x0a, 0x0a, 0x0a, 0x0a,
        0x0a, 0x0a, 0x0a, 0x0a, 0x0a, 0x0a, 0x0a, 0x0a, 0x0a, 0x0a, 0x0a, 0x0a, 0x0a, 0x0a, 0x0a, 0x0a,
        0x0a, 0x0a, 0x0a, 0x0a, 0x0a, 0x0a, 0x0a, 0x0a, 0x0a, 0x0a, 0x0a, 0x0a, 0x0a, 0x0a, 0x0a, 0x0a,
        0x0a, 0x0a, 0x0a, 0x0a, 0x0a, 0x0a, 0x0a, 0x0a, 0x0a, 0x0a, 0x0a, 0x0a, 0x0a, 0x0a, 0x0a, 0x0a,
        0x0a, 0x0a, 0x0a, 0x0a, 0x0a, 0x0a, 0x0a, 0x0a, 0x0a, 0x0a, 0x0a, 0x0a, 0x0a, 0x0a, 0x0a, 0x0a,
        0x0a, 0x0a, 0x0a, 0x0a, 0x0a, 0x0a, 0x0a, 0x0a, 0x0a, 0x0a, 0x0a, 0x0a, 0x0a, 0x0a, 0x0a, 0x0a,
        0x0a, 0x0a, 0x0a, 0x0a, 0x0a, 0x0a, 0x0a, 0x0a, 0x0a, 0x0a, 0x0a, 0x0a, 0x0a, 0x0a, 0x0a, 0x0a,
        0x0a, 0x0a, 0x0a, 0x0a, 0x0a, 0x0a, 0x0a, 0x0a, 0x0a, 0x0a, 0x0a, 0x0a, 0x0a, 0x0a, 0x0a, 0x0a,
        0x0a, 0x0a, 0x0a, 0x0a, 0x0a, 0x0a, 0x0a, 0x0a, 0x0a, 0x00, 0x0a, 0x0a, 0x00, 0x00, 0x09, 0x09,
        0x09, 0x00, 0x00, 0x00, 0x00, 0x0a, 0x09, 0x09, 0x0b, 0x0b, 0x0b, 0x0b, 0x0b, 0x0b, 0x09, 0x09,
        0x00, 0x00, 0x00, 0x00, 0x00, 0x00, 0x0a, 0x0a, 0x0a, 0x0a, 0x0a, 0x0a, 0x0a, 0x0a, 0x0a, 0x0a,
        0x0a, 0x0a, 0x0a, 0x0a, 0x0a, 0x0a, 0x0a, 0x0a,
    },
    {
        0x0a, 0x0a, 0x0a, 0x0a, 0x0a, 0x0a, 0x09, 0x09, 0x0b, 0x0b, 0x0b, 0x0b, 0x0b, 0x0b, 0x09, 0x09,
        0x00, 0x00, 0x0a, 0x0a, 0x00, 0x00, 0x00, 0x00, 0x00, 0x00, 0x0a, 0x0a, 0x0a, 0x0a, 0x0a, 0x0a,
        0x0a, 0x0a, 0x0a, 0x0a, 0x0a, 0x0a, 0x0a, 0x0a, 0x0a, 0x0a, 0x0a, 0x0a, 0x0a, 0x0a, 0x0a, 0x0a,
        0x0a, 0x0a, 0x0a, 0x0a, 0x0a, 0x0a, 0x0a, 0x0a, 0x0a, 0x0a, 0x0a, 0x0a, 0x0a, 0x0a, 0x0a, 0x0a,
        0x0a, 0x0a, 0x0a, 0x0a, 0x0a, 0x0a, 0x0a, 0x0a, 0x0a, 0x0a, 0x0a, 0x0a, 0x0a, 0x0a, 0x0a, 0x0a,
        0x0a, 0x0a, 0x0a, 0x0a, 0x0a, 0x0a, 0x0a, 0x0a, 0x0a, 0x0a, 0x0a, 0x0a, 0x0a, 0x0a, 0x0a, 0x0a,
        0x0a, 0x0a, 0x0a, 0x0a, 0x0a, 0x0a, 0x0a, 0x0a, 0x0a, 0x0a, 0x0a, 0x0a, 0x0a, 0x0a, 0x0a, 0x0a,
        0x0a, 0x0a, 0x0a, 0x0a, 0x0a, 0x0a, 0x0a, 0x0a, 0x0a, 0x0a, 0x0a, 0x0a, 0x0a, 0x0a, 0x0a, 0x0a,
        0x0a, 0x0a, 0x0a, 0x0a, 0x0a, 0x0a, 0x0a, 0x0a, 0x0a, 0x0a, 0x0a, 0x0a, 0x0a, 0x0a, 0x0a, 0x0a,
        0x0a, 0x0a, 0x0a, 0x0a, 0x0a, 0x0a, 0x0a, 0x0a, 0x0a, 0x0a, 0x0a, 0x00, 0x00, 0x00, 0x00, 0x09,
        0x00, 0x00, 0x00, 0x00, 0x0a, 0x0a, 0x09, 0x09, 0x0b, 0x0b, 0x0b, 0x0b, 0x0b, 0x09, 0x09, 0x00,
        0x00, 0x00, 0x00, 0x00, 0x00, 0x0a, 0x0a, 0x0a, 0x0a, 0x0a, 0x0a, 0x0a, 0x0a, 0x0a, 0x0a, 0x0a,
        0x0a, 0x0a, 0x0a, 0x0a, 0x0a, 0x0a, 0x0a, 0x0a,
    },
    {
        0x0a, 0x0a, 0x0a, 0x0a, 0x0a, 0x0a, 0x09, 0x09, 0x0b, 0x0b, 0x0b, 0x0b, 0x0b, 0x0b, 0x09, 0x09,
        0x00, 0x00, 0x0a, 0x0a, 0x00, 0x00, 0x00, 0x00, 0x00, 0x0a, 0x0a, 0x0a, 0x0a, 0x0a, 0x0a, 0x0a,
        0x0a, 0x0a, 0x00, 0x00, 0x00, 0x00, 0x0a, 0x0a, 0x0a, 0x0a, 0x0a, 0x0a, 0x0a, 0x0a, 0x0a, 0x0a,
        0x0a, 0x0a, 0x0a, 0x0a, 0x0a, 0x0a, 0x0a, 0x0a, 0x0a, 0x0a, 0x0a, 0x0a, 0x0a, 0x0a, 0x0a, 0x0a,
        0x0a, 0x0a, 0x0a, 0x0a, 0x0a, 0x0a, 0x0a, 0x0a, 0x0a, 0x0a, 0x0a, 0x0a, 0x0a, 0x0a, 0x0a, 0x0a,
        0x0a, 0x0a, 0x0a, 0x0a, 0x0a, 0x0a, 0x0a, 0x0a, 0x0a, 0x0a, 0x0a, 0x0a, 0x0a, 0x0a, 0x0a, 0x0a,
        0x0a, 0x0a, 0x0a, 0x0a, 0x0a, 0x0a, 0x0a, 0x0a, 0x0a, 0x0a, 0x0a, 0x0a, 0x0a, 0x0a, 0x0a, 0x0a,
        0x0a, 0x0a, 0x0a, 0x0a, 0x0a, 0x0a, 0x0a, 0x0a, 0x0a, 0x0a, 0x0a, 0x0a, 0x0a, 0x0a, 0x0a, 0x0a,
        0x0a, 0x0a, 0x0a, 0x0a, 0x0a, 0x0a, 0x0a, 0x0a, 0x0a, 0x0a, 0x0a, 0x0a, 0x0a, 0x0a, 0x0a, 0x0a,
        0x0a, 0x0a, 0x0a, 0x0a, 0x0a, 0x0a, 0x0a, 0x0a, 0x0a, 0x0a, 0x0a, 0x00, 0x00, 0x00, 0x00, 0x00,
        0x00, 0x00, 0x00, 0x0a, 0x0a, 0x0a, 0x09, 0x09, 0x0b, 0x0b, 0x0b, 0x0b, 0x0b, 0x09, 0x09, 0x00,
        0x00, 0x00, 0x00, 0x00, 0x0a, 0x0a, 0x0a, 0x0a, 0x0a, 0x0a, 0x0a, 0x0a, 0x0a, 0x0a, 0x0a, 0x0a,
        0x0a, 0x0a, 0x0a, 0x0a, 0x0a, 0x0a, 0x0a, 0x0a,
    },
    {
        0x0a, 0x0a, 0x0a, 0x0a, 0x0a, 0x0a, 0x0a, 0x09, 0x09, 0x0b, 0x0b, 0x0b, 0x0b, 0x09, 0x09, 0x09,
        0x00, 0x00, 0x0a, 0x0a, 0x00, 0x00, 0x00, 0x0a, 0x0a, 0x0a, 0x0a, 0x0a, 0x0a, 0x0a, 0x0a, 0x0a,
        0x0a, 0x00, 0x0a, 0x0a, 0x0a, 0x0a, 0x00, 0x0a, 0x0a, 0x00, 0x00, 0x00, 0x0a, 0x0a, 0x00, 0x00,
        0x00, 0x0a, 0x0a, 0x0a, 0x00, 0x00, 0x00, 0x0a, 0x0a, 0x00, 0x00, 0x00, 0x0a, 0x0a, 0x0a, 0x0a,
        0x0a, 0x00, 0x00, 0x00, 0x0a, 0x0a, 0x00, 0x00, 0x00, 0x0a, 0x0a, 0x0a, 0x00, 0x00, 0x00, 0x0a,
        0x0a, 0x00, 0x00, 0x00, 0x0a, 0x0a, 0x0a, 0x0a, 0x0a, 0x0a, 0x0a, 0x0a, 0x0a, 0x00, 0x00, 0x0a,
        0x0a, 0x0a, 0x00, 0x00, 0x0a, 0x00, 0x00, 0x0a, 0x0a, 0x0a, 0x0a, 0x0a, 0x0a, 0x0a, 0x0a, 0x0a,
        0x00, 0x00, 0x0a, 0x0a, 0x0a, 0x0a, 0x0a, 0x0a, 0x0a, 0x0a, 0x0a, 0x0a, 0x0a, 0x0a, 0x0a, 0x0a,
        0x0a, 0x0a, 0x0a, 0x0a, 0x0a, 0x0a, 0x00, 0x00, 0x0a, 0x0a, 0x0a, 0x0a, 0x0a, 0x0a, 0x0a, 0x0a,
        0x0a, 0x0a, 0x0a, 0x0a, 0x0a, 0x0a, 0x0a, 0x0a, 0x0a, 0x0a, 0x0a, 0x0a, 0x00, 0x00, 0x00, 0x00,
        0x00, 0x00, 0x0a, 0x0a, 0x0a, 0x0a, 0x0a, 0x09, 0x09, 0x0b, 0x0b, 0x0b, 0x09, 0x09, 0x00, 0x00,
        0x00, 0x00, 0x00, 0x0a, 0x0a, 0x0a, 0x0a, 0x0a, 0x0a, 0x0a, 0x0a, 0x0a, 0x0a, 0x0a, 0x0a, 0x0a,
        0x0a, 0x0a, 0x0a, 0x0a, 0x0a, 0x0a, 0x0a, 0x0a,
    },
    {
        0x0a, 0x0a, 0x0a, 0x0a, 0x0a, 0x0a, 0x0a, 0x09, 0x09, 0x0b, 0x0b, 0x09, 0x09, 0x09, 0x09, 0x00,
        0x00, 0x00, 0x0a, 0x0a, 0x0a, 0x0a, 0x0a, 0x0a, 0x0a, 0x0a, 0x0a, 0x0a, 0x0a, 0x0a, 0x0a, 0x0a,
        0x00, 0x0a, 0x0a, 0x00, 0x00, 0x0a, 0x0a, 0x00, 0x0a, 0x0a, 0x00, 0x00, 0x0a, 0x00, 0x00, 0x0a,
        0x00, 0x00, 0x0a, 0x00, 0x00, 0x0a, 0x00, 0x00, 0x0a, 0x0a, 0x00, 0x00, 0x0a, 0x0a, 0x0a, 0x0a,
        0x0a, 0x0a, 0x00, 0x00, 0x0a, 0x00, 0x00, 0x0a, 0x00, 0x00, 0x0a, 0x00, 0x00, 0x0a, 0x00, 0x00,
        0x0a, 0x0a, 0x0a, 0x00, 0x00, 0x0a, 0x0a, 0x0a, 0x0a, 0x0a, 0x0a, 0x0a, 0x0a, 0x00, 0x00, 0x00,
        0x0a, 0x0a, 0x00, 0x00, 0x0a, 0x0a, 0x0a, 0x0a, 0x00, 0x00, 0x0a, 0x00, 0x00, 0x0a, 0x0a, 0x00,
        0x00, 0x00, 0x00, 0x0a, 0x0a, 0x00, 0x00, 0x00, 0x00, 0x0a, 0x0a, 0x00, 0x00, 0x0a, 0x00, 0x00,
        0x0a, 0x0a, 0x0a, 0x0a, 0x0a, 0x0a, 0x00, 0x00, 0x0a, 0x0a, 0x00, 0x00, 0x00, 0x00, 0x0a, 0x0a,
        0x0a, 0x0a, 0x0a, 0x0a, 0x0a, 0x0a, 0x0a, 0x0a, 0x0a, 0x0a, 0x0a, 0x0a, 0x0a, 0x00, 0x00, 0x00,
        0x00, 0x0a, 0x0a, 0x0a, 0x0a, 0x0a, 0x0a, 0x0a, 0x09, 0x09, 0x0b, 0x09, 0x09, 0x00, 0x00, 0x00,
        0x00, 0x00, 0x0a, 0x0a, 0x0a, 0x0a, 0x0a, 0x0a, 0x0a, 0x0a, 0x0a, 0x0a, 0x0a, 0x0a, 0x0a, 0x0a,
        0x0a, 0x0a, 0x0a, 0x0a, 0x0a, 0x0a, 0x0a, 0x0a,
    },
    {
        0x0a, 0x0a, 0x0a, 0x0a, 0x0a, 0x0a, 0x0a, 0x09, 0x09, 0x09, 0x09, 0x09, 0x09, 0x00, 0x00, 0x00,
        0x00, 0x00, 0x0a, 0x0a, 0x0a, 0x0a, 0x0a, 0x0a, 0x0a, 0x0a, 0x0a, 0x0a, 0x0a, 0x0a, 0x0a, 0x0a,
        0x00, 0x0a, 0x00, 0x0a, 0x0a, 0x0a, 0x0a, 0x00, 0x0a, 0x0a, 0x00, 0x00, 0x0a, 0x00, 0x00, 0x0a,
        0x00, 0x00, 0x0a, 0x00, 0x00, 0x0a, 0x00, 0x00, 0x0a, 0x0a, 0x00, 0x00, 0x0a, 0x0a, 0x0a, 0x0a,
        0x0a, 0x0a, 0x00, 0x00, 0x0a, 0x00, 0x00, 0x0a, 0x00, 0x00, 0x0a, 0x00, 0x00, 0x0a, 0x00, 0x00,
        0x0a, 0x0a, 0x00, 0x00, 0x00, 0x0a, 0x0a, 0x0a, 0x0a, 0x0a, 0x0a, 0x0a, 0x0a, 0x00, 0x00, 0x00,
        0x0a, 0x0a, 0x00, 0x00, 0x0a, 0x00, 0x00, 0x0a, 0x00, 0x00, 0x00, 0x00, 0x00, 0x00, 0x0a, 0x0a,
        0x00, 0x00, 0x0a, 0x0a, 0x00, 0x00, 0x0a, 0x0a, 0x00, 0x00, 0x0a, 0x00, 0x00, 0x00, 0x00, 0x00,
        0x00, 0x0a, 0x0a, 0x00, 0x00, 0x00, 0x00, 0x00, 0x0a, 0x00, 0x00, 0x0a, 0x0a, 0x00, 0x00, 0x0a,
        0x0a, 0x0a, 0x0a, 0x0a, 0x0a, 0x0a, 0x0a, 0x0a, 0x0a, 0x0a, 0x0a, 0x0a, 0x0a, 0x0a, 0x00, 0x00,
        0x0a, 0x0a, 0x0a, 0x0a, 0x0a, 0x0a, 0x0a, 0x0a, 0x00, 0x09, 0x09, 0x09, 0x00, 0x00, 0x00, 0x00,
        0x00, 0x0a, 0x0a, 0x0a, 0x0a, 0x0a, 0x0a, 0x0a, 0x0a, 0x0a, 0x0a, 0x0a, 0x0a, 0x0a, 0x0a, 0x0a,
        0x0a, 0x0a, 0x0a, 0x0a, 0x0a, 0x0a, 0x0a, 0x0a,
    },
    {
        0x0a, 0x0a, 0x0a, 0x0a, 0x0a, 0x0a, 0x0a, 0x09, 0x09, 0x09, 0x09, 0x00, 0x00, 0x00, 0x00, 0x00,
        0x00, 0x00, 0x0a, 0x0a, 0x0a, 0x0a, 0x0a, 0x0a, 0x0a, 0x0a, 0x0a, 0x0a, 0x0a, 0x0a, 0x0a, 0x0a,
        0x00, 0x0a, 0x00, 0x0a, 0x0a, 0x0a, 0x0a, 0x00, 0x0a, 0x0a, 0x00, 0x00, 0x0a, 0x0a, 0x00, 0x00,
        0x00, 0x00, 0x0a, 0x0a, 0x00, 0x00, 0x00, 0x00, 0x0a, 0x0a, 0x00, 0x00, 0x0a, 0x0a, 0x0a, 0x0a,
        0x0a, 0x0a, 0x00, 0x00, 0x0a, 0x0a, 0x00, 0x00, 0x00, 0x00, 0x0a, 0x0a, 0x00, 0x00, 0x00, 0x00,
        0x0a, 0x00, 0x00, 0x00, 0x0a, 0x0a, 0x0a, 0x0a, 0x0a, 0x0a, 0x0a, 0x0a, 0x0a, 0x00, 0x00, 0x0a,
        0x00, 0x0a, 0x00, 0x00, 0x0a, 0x00, 0x00, 0x0a, 0x00, 0x00, 0x0a, 0x0a, 0x00, 0x00, 0x0a, 0x0a,
        0x00, 0x00, 0x0a, 0x0a, 0x00, 0x00, 0x00, 0x00, 0x00, 0x00, 0x0a, 0x00, 0x00, 0x0a, 0x0a, 0x00,
        0x00, 0x0a, 0x00, 0x00, 0x0a, 0x0a, 0x00, 0x00, 0x0a, 0x00, 0x00, 0x0a, 0x0a, 0x00, 0x00, 0x0a,
        0x0a, 0x0a, 0x0a, 0x0a, 0x0a, 0x0a, 0x0a, 0x0a, 0x0a, 0x0a, 0x0a, 0x0a, 0x0a, 0x0a, 0x0a, 0x0a,
        0x0a, 0x0a, 0x0a, 0x0a, 0x0a, 0x0a, 0x0a, 0x00, 0x00, 0x00, 0x09, 0x00, 0x00, 0x00, 0x00, 0x00,
        0x0a, 0x0a, 0x0a, 0x0a, 0x0a, 0x0a, 0x0a, 0x0a, 0x0a, 0x0a, 0x0a, 0x0a, 0x0a, 0x0a, 0x0a, 0x0a,
        0x0a, 0x0a, 0x0a, 0x0a, 0x0a, 0x0a, 0x0a, 0x0a,
    },
    {
        0x0a, 0x0a, 0x0a, 0x0a, 0x0a, 0x0a, 0x0a, 0x0a, 0x0a, 0x0a, 0x0a, 0x00, 0x00, 0x00, 0x00, 0x00,
        0x00, 0x0a, 0x0a, 0x0a, 0x0a, 0x0a, 0x0a, 0x0a, 0x0a, 0x0a, 0x0a, 0x0a, 0x0a, 0x0a, 0x0a, 0x0a,
        0x00, 0x0a, 0x0a, 0x00, 0x00, 0x0a, 0x0a, 0x00, 0x0a, 0x0a, 0x00, 0x00, 0x0a, 0x0a, 0x0a, 0x0a,
        0x00, 0x00, 0x0a, 0x0a, 0x0a, 0x0a, 0x00, 0x00, 0x0a, 0x0a, 0x00, 0x00, 0x0a, 0x00, 0x00, 0x0a,
        0x0a, 0x0a, 0x00, 0x00, 0x0a, 0x0a, 0x0a, 0x0a, 0x00, 0x00, 0x0a, 0x0a, 0x0a, 0x0a, 0x00, 0x00,
        0x0a, 0x00, 0x00, 0x0a, 0x0a, 0x0a, 0x0a, 0x0a, 0x0a, 0x0a, 0x0a, 0x0a, 0x0a, 0x00, 0x00, 0x0a,
        0x0a, 0x00, 0x00, 0x00, 0x0a, 0x00, 0x00, 0x0a, 0x00, 0x00, 0x0a, 0x0a, 0x00, 0x00, 0x0a, 0x0a,
        0x00, 0x00, 0x0a, 0x0a, 0x00, 0x00, 0x0a, 0x0a, 0x0a, 0x0a, 0x0a, 0x00, 0x00, 0x0a, 0x0a, 0x00,
        0x00, 0x0a, 0x00, 0x00, 0x0a, 0x0a, 0x00, 0x00, 0x0a, 0x00, 0x00, 0x0a, 0x0a, 0x00, 0x00, 0x0a,
        0x0a, 0x0a, 0x0a, 0x0a, 0x0a, 0x0a, 0x0a, 0x0a, 0x0a, 0x0a, 0x0a, 0x0a, 0x0a, 0x0a, 0x0a, 0x0a,
        0x0a, 0x0a, 0x0a, 0x0a, 0x0a, 0x0a, 0x00, 0x00, 0x00, 0x00, 0x00, 0x00, 0x00, 0x00, 0x00, 0x0a,
        0x0a, 0x0a, 0x0a, 0x0a, 0x0a, 0x0a, 0x0a, 0x0a, 0x0a, 0x0a, 0x0a, 0x0a, 0x0a, 0x0a, 0x0a, 0x0a,
        0x0a, 0x0a, 0x0a, 0x0a, 0x0a, 0x0a, 0x0a, 0x0a,
    },
    {
        0x0a, 0x0a, 0x0a, 0x0a, 0x0a, 0x0a, 0x0a, 0x0a, 0x0a, 0x0a, 0x0a, 0x0a, 0x00, 0x00, 0x00, 0x0a,
        0x0a, 0x0a, 0x0a, 0x0a, 0x0a, 0x0a, 0x0a, 0x0a, 0x0a, 0x0a, 0x0a, 0x0a, 0x0a, 0x0a, 0x0a, 0x0a,
        0x0a, 0x00, 0x0a, 0x0a, 0x0a, 0x0a, 0x00, 0x0a, 0x0a, 0x0a, 0x00, 0x00, 0x0a, 0x0a, 0x00, 0x00,
        0x00, 0x0a, 0x0a, 0x0a, 0x00, 0x00, 0x00, 0x0a, 0x0a, 0x0a, 0x00, 0x00, 0x0a, 0x00, 0x00, 0x0a,
        0x0a, 0x0a, 0x00, 0x00, 0x0a, 0x0a, 0x00, 0x00, 0x00, 0x0a, 0x0a, 0x0a, 0x00, 0x00, 0x00, 0x0a,
        0x0a, 0x00, 0x00, 0x00, 0x00, 0x0a, 0x0a, 0x0a, 0x0a, 0x0a, 0x0a, 0x0a, 0x0a, 0x00, 0x00, 0x0a,
        0x0a, 0x00, 0x00, 0x00, 0x0a, 0x00, 0x00, 0x0a, 0x00, 0x00, 0x0a, 0x0a, 0x00, 0x00, 0x0a, 0x0a,
        0x00, 0x00, 0x0a, 0x0a, 0x00, 0x00, 0x0a, 0x0a, 0x00, 0x00, 0x0a, 0x00, 0x00, 0x0a, 0x0a, 0x00,
        0x00, 0x0a, 0x00, 0x00, 0x0a, 0x0a, 0x00, 0x00, 0x0a, 0x00, 0x00, 0x0a, 0x0a, 0x00, 0x00, 0x0a,
        0x0a, 0x0a, 0x0a, 0x0a, 0x0a, 0x0a, 0x0a, 0x0a, 0x0a, 0x0a, 0x0a, 0x0a, 0x0a, 0x0a, 0x0a, 0x0a,
        0x0a, 0x0a, 0x0a, 0x0a, 0x0a, 0x0a, 0x0a, 0x00, 0x00, 0x00, 0x00, 0x00, 0x00, 0x00, 0x0a, 0x0a,
        0x0a, 0x0a, 0x0a, 0x0a, 0x0a, 0x0a, 0x0a, 0x0a, 0x0a, 0x0a, 0x0a, 0x0a, 0x0a, 0x0a, 0x0a, 0x0a,
        0x0a, 0x0a, 0x0a, 0x0a, 0x0a, 0x0a, 0x0a, 0x0a,
    },
    {
        0x0a, 0x0a, 0x0a, 0x0a, 0x0a, 0x0a, 0x0a, 0x0a, 0x0a, 0x0a, 0x0a, 0x0a, 0x00, 0x00, 0x0a, 0x0a,
        0x0a, 0x0a, 0x0a, 0x0a, 0x0a, 0x0a, 0x0a, 0x0a, 0x0a, 0x0a, 0x0a, 0x0a, 0x0a, 0x0a, 0x0a, 0x0a,
        0x0a, 0x0a, 0x00, 0x00, 0x00, 0x00, 0x0a, 0x0a, 0x0a, 0x0a, 0x0a, 0x0a, 0x0a, 0x0a, 0x0a, 0x0a,
        0x0a, 0x0a, 0x0a, 0x0a, 0x0a, 0x0a, 0x0a, 0x0a, 0x0a, 0x0a, 0x0a, 0x0a, 0x0a, 0x0a, 0x00, 0x0a,
        0x0a, 0x0a, 0x0a, 0x0a, 0x0a, 0x0a, 0x0a, 0x0a, 0x0a, 0x0a, 0x0a, 0x0a, 0x0a, 0x0a, 0x0a, 0x0a,
        0x0a, 0x0a, 0x0a, 0x0a, 0x0a, 0x0a, 0x0a, 0x0a, 0x0a, 0x0a, 0x0a, 0x0a, 0x0a, 0x00, 0x00, 0x0a,
        0x0a, 0x0a, 0x00, 0x00, 0x0a, 0x00, 0x00, 0x0a, 0x00, 0x00, 0x0a, 0x0a, 0x00, 0x00, 0x0a, 0x0a,
        0x00, 0x00, 0x0a, 0x0a, 0x0a, 0x00, 0x00, 0x00, 0x00, 0x0a, 0x0a, 0x00, 0x00, 0x0a, 0x0a, 0x00,
        0x00, 0x0a, 0x0a, 0x00, 0x00, 0x00, 0x00, 0x00, 0x0a, 0x0a, 0x00, 0x00, 0x00, 0x00, 0x0a, 0x0a,
        0x0a, 0x0a, 0x0a, 0x0a, 0x0a, 0x0a, 0x0a, 0x0a, 0x0a, 0x0a, 0x0a, 0x0a, 0x0a, 0x0a, 0x0a, 0x0a,
        0x0a, 0x0a, 0x0a, 0x0a, 0x0a, 0x0a, 0x0a, 0x0a, 0x00, 0x00, 0x00, 0x00, 0x00, 0x0a, 0x0a, 0x0a,
        0x0a, 0x0a, 0x0a, 0x0a, 0x0a, 0x0a, 0x0a, 0x0a, 0x0a, 0x0a, 0x0a, 0x0a, 0x0a, 0x0a, 0x0a, 0x0a,
        0x0a, 0x0a, 0x0a, 0x0a, 0x0a, 0x0a, 0x0a, 0x0a,
    },
    {
        0x0a, 0x0a, 0x0a, 0x0a, 0x0a, 0x0a, 0x0a, 0x0a, 0x0a, 0x0a, 0x0a, 0x0a, 0x0a, 0x0a, 0x0a, 0x0a,
        0x0a, 0x0a, 0x0a, 0x0a, 0x0a, 0x0a, 0x0a, 0x0a, 0x0a, 0x0a, 0x0a, 0x0a, 0x0a, 0x0a, 0x0a, 0x0a,
        0x0a, 0x0a, 0x0a, 0x0a, 0x0a, 0x0a, 0x0a, 0x0a, 0x0a, 0x0a, 0x0a, 0x0a, 0x0a, 0x0a, 0x0a, 0x0a,
        0x0a, 0x0a, 0x0a, 0x0a, 0x0a, 0x0a, 0x0a, 0x0a, 0x0a, 0x0a, 0x0a, 0x0a, 0x0a, 0x0a, 0x0a, 0x0a,
        0x0a, 0x0a, 0x0a, 0x0a, 0x0a, 0x0a, 0x0a, 0x0a, 0x0a, 0x0a, 0x0a, 0x0a, 0x0a, 0x0a, 0x0a, 0x0a,
        0x0a, 0x0a, 0x0a, 0x0a, 0x0a, 0x0a, 0x0a, 0x0a, 0x0a, 0x0a, 0x0a, 0x0a, 0x0a, 0x0a, 0x0a, 0x0a,
        0x0a, 0x0a, 0x0a, 0x0a, 0x0a, 0x0a, 0x0a, 0x0a, 0x0a, 0x0a, 0x0a, 0x0a, 0x0a, 0x0a, 0x0a, 0x0a,
        0x0a, 0x0a, 0x0a, 0x0a, 0x0a, 0x0a, 0x0a, 0x0a, 0x0a, 0x0a, 0x0a, 0x0a, 0x0a, 0x0a, 0x0a, 0x0a,
        0x0a, 0x0a, 0x0a, 0x0a, 0x0a, 0x0a, 0x0a, 0x0a, 0x0a, 0x0a, 0x0a, 0x0a, 0x0a, 0x0a, 0x0a, 0x0a,
        0x0a, 0x0a, 0x0a, 0x0a, 0x0a, 0x0a, 0x0a, 0x0a, 0x0a, 0x0a, 0x0a, 0x0a, 0x0a, 0x0a, 0x0a, 0x0a,
        0x0a, 0x0a, 0x0a, 0x0a, 0x0a, 0x0a, 0x0a, 0x0a, 0x0a, 0x00, 0x00, 0x00, 0x0a, 0x0a, 0x0a, 0x0a,
        0x0a, 0x0a, 0x0a, 0x0a, 0x0a, 0x0a, 0x0a, 0x0a, 0x0a, 0x0a, 0x0a, 0x0a, 0x0a, 0x0a, 0x0a, 0x0a,
        0x0a, 0x0a, 0x0a, 0x0a, 0x0a, 0x0a, 0x0a, 0x0a,
    },
    {
        0x0a, 0x0a, 0x0a, 0x0a, 0x0a, 0x0a, 0x0a, 0x0a, 0x0a, 0x0a, 0x0a, 0x0a, 0x0a, 0x0a, 0x0a, 0x0a,
        0x0a, 0x0a, 0x0a, 0x0a, 0x0a, 0x0a, 0x0a, 0x0a, 0x0a, 0x0a, 0x0a, 0x0a, 0x0a, 0x0a, 0x0a, 0x0a,
        0x0a, 0x0a, 0x0a, 0x0a, 0x0a, 0x0a, 0x0a, 0x0a, 0x0a, 0x0a, 0x0a, 0x0a, 0x0a, 0x0a, 0x0a, 0x0a,
        0x0a, 0x0a, 0x0a, 0x0a, 0x0a, 0x0a, 0x0a, 0x0a, 0x0a, 0x0a, 0x0a, 0x0a, 0x0a, 0x0a, 0x0a, 0x0a,
        0x0a, 0x0a, 0x0a, 0x0a, 0x0a, 0x0a, 0x0a, 0x0a, 0x0a, 0x0a, 0x0a, 0x0a, 0x0a, 0x0a, 0x0a, 0x0a,
        0x0a, 0x0a, 0x0a, 0x0a, 0x0a, 0x0a, 0x0a, 0x0a, 0x0a, 0x0a, 0x0a, 0x0a, 0x0a, 0x0a, 0x0a, 0x0a,
        0x0a, 0x0a, 0x0a, 0x0a, 0x0a, 0x0a, 0x0a, 0x0a, 0x0a, 0x0a, 0x0a, 0x0a, 0x0a, 0x0a, 0x0a, 0x0a,
        0x0a, 0x0a, 0x0a, 0x0a, 0x0a, 0x0a, 0x0a, 0x0a, 0x0a, 0x0a, 0x0a, 0x0a, 0x0a, 0x0a, 0x0a, 0x0a,
        0x0a, 0x0a, 0x0a, 0x0a, 0x0a, 0x0a, 0x0a, 0x0a, 0x0a, 0x0a, 0x0a, 0x0a, 0x0a, 0x0a, 0x0a, 0x0a,
        0x0a, 0x0a, 0x0a, 0x0a, 0x0a, 0x0a, 0x0a, 0x0a, 0x0a, 0x0a, 0x0a, 0x0a, 0x0a, 0x0a, 0x0a, 0x0a,
        0x0a, 0x0a, 0x0a, 0x0a, 0x0a, 0x0a, 0x0a, 0x0a, 0x0a, 0x0a, 0x00, 0x0a, 0x0a, 0x0a, 0x0a, 0x0a,
        0x0a, 0x0a, 0x0a, 0x0a, 0x0a, 0x0a, 0x0a, 0x0a, 0x0a, 0x0a, 0x0a, 0x0a, 0x0a, 0x0a, 0x0a, 0x0a,
        0x0a, 0x0a, 0x0a, 0x0a, 0x0a, 0x0a, 0x0a, 0x0a,
    },
    {
        0x0a, 0x0a, 0x0a, 0x0a, 0x0a, 0x0a, 0x0a, 0x0a, 0x0a, 0x0a, 0x0a, 0x0a, 0x0a, 0x0a, 0x0a, 0x0a,
        0x0a, 0x0a, 0x0a, 0x0a, 0x0a, 0x0a, 0x0a, 0x0a, 0x0a, 0x0a, 0x0a, 0x0a, 0x0a, 0x0a, 0x0a, 0x0a,
        0x0a, 0x0a, 0x0a, 0x0a, 0x0a, 0x0a, 0x0a, 0x0a, 0x0a, 0x0a, 0x0a, 0x0a, 0x0a, 0x0a, 0x0a, 0x0a,
        0x0a, 0x0a, 0x0a, 0x0a, 0x0a, 0x0a, 0x0a, 0x0a, 0x0a, 0x0a, 0x0a, 0x0a, 0x0a, 0x0a, 0x0a, 0x0a,
        0x0a, 0x0a, 0x0a, 0x0a, 0x0a, 0x0a, 0x0a, 0x0a, 0x0a, 0x0a, 0x0a, 0x0a, 0x0a, 0x0a, 0x0a, 0x0a,
        0x0a, 0x0a, 0x0a, 0x0a, 0x0a, 0x0a, 0x0a, 0x0a, 0x0a, 0x0a, 0x0a, 0x0a, 0x0a, 0x0a, 0x0a, 0x0a,
        0x0a, 0x0a, 0x0a, 0x0a, 0x0a, 0x0a, 0x0a, 0x0a, 0x0a, 0x0a, 0x0a, 0x0a, 0x0a, 0x0a, 0x0a, 0x0a,
        0x0a, 0x0a, 0x0a, 0x0a, 0x0a, 0x0a, 0x0a, 0x0a, 0x0a, 0x0a, 0x0a, 0x0a, 0x0a, 0x0a, 0x0a, 0x0a,
        0x0a, 0x0a, 0x0a, 0x0a, 0x0a, 0x0a, 0x0a, 0x0a, 0x0a, 0x0a, 0x0a, 0x0a, 0x0a, 0x0a, 0x0a, 0x0a,
        0x0a, 0x0a, 0x0a, 0x0a, 0x0a, 0x0a, 0x0a, 0x0a, 0x0a, 0x0a, 0x0a, 0x0a, 0x0a, 0x0a, 0x0a, 0x0a,
        0x0a, 0x0a, 0x0a, 0x0a, 0x0a, 0x0a, 0x0a, 0x0a, 0x0a, 0x0a, 0x0a, 0x0a, 0x0a, 0x0a, 0x0a, 0x0a,
        0x0a, 0x0a, 0x0a, 0x0a, 0x0a, 0x0a, 0x0a, 0x0a, 0x0a, 0x0a, 0x0a, 0x0a, 0x0a, 0x0a, 0x0a, 0x0a,
        0x0a, 0x0a, 0x0a, 0x0a, 0x0a, 0x0a, 0x0a, 0x0a,
    },
    {
        0x0a, 0x0a, 0x0a, 0x0a, 0x0a, 0x0a, 0x0a, 0x0a, 0x0a, 0x0a, 0x0a, 0x0a, 0x0a, 0x0a, 0x0a, 0x0a,
        0x0a, 0x0a, 0x0a, 0x0a, 0x0a, 0x0a, 0x0a, 0x0a, 0x0a, 0x0a, 0x0a, 0x0a, 0x0a, 0x0a, 0x0a, 0x0a,
        0x0a, 0x0a, 0x0a, 0x0a, 0x0a, 0x0a, 0x0a, 0x0a, 0x0a, 0x0a, 0x0a, 0x0a, 0x0a, 0x0a, 0x0a, 0x0a,
        0x0a, 0x0a, 0x0a, 0x0a, 0x0a, 0x0a, 0x0a, 0x0a, 0x0a, 0x0a, 0x0a, 0x0a, 0x0a, 0x0a, 0x0a, 0x0a,
        0x0a, 0x0a, 0x0a, 0x0a, 0x0a, 0x0a, 0x0a, 0x0a, 0x0a, 0x0a, 0x0a, 0x0a, 0x0a, 0x0a, 0x0a, 0x0a,
        0x0a, 0x0a, 0x0a, 0x0a, 0x0a, 0x0a, 0x0a, 0x0a, 0x0a, 0x0a, 0x0a, 0x0a, 0x0a, 0x0a, 0x0a, 0x0a,
        0x0a, 0x0a, 0x0a, 0x0a, 0x0a, 0x0a, 0x0a, 0x0a, 0x0a, 0x0a, 0x0a, 0x0a, 0x0a, 0x0a, 0x0a, 0x0a,
        0x0a, 0x0a, 0x0a, 0x0a, 0x0a, 0x0a, 0x0a, 0x0a, 0x0a, 0x0a, 0x0a, 0x0a, 0x0a, 0x0a, 0x0a, 0x0a,
        0x0a, 0x0a, 0x0a, 0x0a, 0x0a, 0x0a, 0x0a, 0x0a, 0x0a, 0x0a, 0x0a, 0x0a, 0x0a, 0x0a, 0x0a, 0x0a,
        0x0a, 0x0a, 0x0a, 0x0a, 0x0a, 0x0a, 0x0a, 0x0a, 0x0a, 0x0a, 0x0a, 0x0a, 0x0a, 0x0a, 0x0a, 0x0a,
        0x0a, 0x0a, 0x0a, 0x0a, 0x0a, 0x0a, 0x0a, 0x0a, 0x0a, 0x0a, 0x0a, 0x0a, 0x0a, 0x0a, 0x0a, 0x0a,
        0x0a, 0x0a, 0x0a, 0x0a, 0x0a, 0x0a, 0x0a, 0x0a, 0x0a, 0x0a, 0x0a, 0x0a, 0x0a, 0x0a, 0x0a, 0x0a,
        0x0a, 0x0a, 0x0a, 0x0a, 0x0a, 0x0a, 0x0a, 0x0a,
    },
    {
        0x0a, 0x0a, 0x0a, 0x0a, 0x0a, 0x0a, 0x0a, 0x0a, 0x0a, 0x0a, 0x0a, 0x0a, 0x0a, 0x0a, 0x0a, 0x0a,
        0x0a, 0x0a, 0x0a, 0x0a, 0x0a, 0x0a, 0x0a, 0x0a, 0x0a, 0x0a, 0x0a, 0x0a, 0x0a, 0x0a, 0x0a, 0x0a,
        0x0a, 0x0a, 0x0a, 0x0a, 0x0a, 0x0a, 0x0a, 0x0a, 0x0a, 0x0a, 0x0a, 0x0a, 0x0a, 0x0a, 0x0a, 0x0a,
        0x0a, 0x0a, 0x0a, 0x0a, 0x0a, 0x0a, 0x0a, 0x0a, 0x0a, 0x0a, 0x0a, 0x0a, 0x0a, 0x0a, 0x0a, 0x0a,
        0x0a, 0x0a, 0x0a, 0x0a, 0x0a, 0x0a, 0x0a, 0x0a, 0x0a, 0x0a, 0x0a, 0x0a, 0x0a, 0x0a, 0x0a, 0x0a,
        0x0a, 0x0a, 0x0a, 0x0a, 0x0a, 0x0a, 0x0a, 0x0a, 0x0a, 0x0a, 0x0a, 0x0a, 0x0a, 0x0a, 0x0a, 0x0a,
        0x0a, 0x0a, 0x0a, 0x0a, 0x0a, 0x0a, 0x0a, 0x0a, 0x0a, 0x0a, 0x0a, 0x0a, 0x0a, 0x0a, 0x0a, 0x0a,
        0x0a, 0x0a, 0x0a, 0x0a, 0x0a, 0x0a, 0x0a, 0x0a, 0x0a, 0x0a, 0x0a, 0x0a, 0x0a, 0x0a, 0x0a, 0x0a,
        0x0a, 0x0a, 0x0a, 0x0a, 0x0a, 0x0a, 0x0a, 0x0a, 0x0a, 0x0a, 0x0a, 0x0a, 0x0a, 0x0a, 0x0a, 0x0a,
        0x0a, 0x0a, 0x0a, 0x0a, 0x0a, 0x0a, 0x0a, 0x0a, 0x0a, 0x0a, 0x0a, 0x0a, 0x0a, 0x0a, 0x0a, 0x0a,
        0x0a, 0x0a, 0x0a, 0x0a, 0x0a, 0x0a, 0x0a, 0x0a, 0x0a, 0x0a, 0x0a, 0x0a, 0x0a, 0x0a, 0x0a, 0x0a,
        0x0a, 0x0a, 0x0a, 0x0a, 0x0a, 0x0a, 0x0a, 0x0a, 0x0a, 0x0a, 0x0a, 0x0a, 0x0a, 0x0a, 0x0a, 0x0a,
        0x0a, 0x0a, 0x0a, 0x0a, 0x0a, 0x0a, 0x0a, 0x0a,
    },
    {
        0x0a, 0x0a, 0x0a, 0x0a, 0x0a, 0x0a, 0x0a, 0x0a, 0x0a, 0x0a, 0x0a, 0x0a, 0x0a, 0x0a, 0x0a, 0x0a,
        0x0a, 0x0a, 0x0a, 0x0a, 0x0a, 0x0a, 0x0a, 0x0a, 0x0a, 0x0a, 0x0a, 0x0a, 0x0a, 0x0a, 0x0a, 0x0a,
        0x0a, 0x0a, 0x0a, 0x0a, 0x0a, 0x0a, 0x0a, 0x0a, 0x0a, 0x0a, 0x0a, 0x0a, 0x0a, 0x0a, 0x0a, 0x0a,
        0x0a, 0x0a, 0x0a, 0x0a, 0x0a, 0x0a, 0x0a, 0x0a, 0x0a, 0x0a, 0x0a, 0x0a, 0x0a, 0x0a, 0x0a, 0x0a,
        0x0a, 0x0a, 0x0a, 0x0a, 0x0a, 0x0a, 0x0a, 0x0a, 0x0a, 0x0a, 0x0a, 0x0a, 0x0a, 0x0a, 0x0a, 0x0a,
        0x0a, 0x0a, 0x0a, 0x0a, 0x0a, 0x0a, 0x0a, 0x0a, 0x0a, 0x0a, 0x0a, 0x0a, 0x0a, 0x0a, 0x0a, 0x0a,
        0x0a, 0x0a, 0x0a, 0x0a, 0x0a, 0x0a, 0x0a, 0x0a, 0x0a, 0x0a, 0x0a, 0x0a, 0x0a, 0x0a, 0x0a, 0x0a,
        0x0a, 0x0a, 0x0a, 0x0a, 0x0a, 0x0a, 0x0a, 0x0a, 0x0a, 0x0a, 0x0a, 0x0a, 0x0a, 0x0a, 0x0a, 0x0a,
        0x0a, 0x0a, 0x0a, 0x0a, 0x0a, 0x0a, 0x0a, 0x0a, 0x0a, 0x0a, 0x0a, 0x0a, 0x0a, 0x0a, 0x0a, 0x0a,
        0x0a, 0x0a, 0x0a, 0x0a, 0x0a, 0x0a, 0x0a, 0x0a, 0x0a, 0x0a, 0x0a, 0x0a, 0x0a, 0x0a, 0x0a, 0x0a,
        0x0a, 0x0a, 0x0a, 0x0a, 0x0a, 0x0a, 0x0a, 0x0a, 0x0a, 0x0a, 0x0a, 0x0a, 0x0a, 0x0a, 0x0a, 0x0a,
        0x0a, 0x0a, 0x0a, 0x0a, 0x0a, 0x0a, 0x0a, 0x0a, 0x0a, 0x0a, 0x0a, 0x0a, 0x0a, 0x0a, 0x0a, 0x0a,
        0x0a, 0x0a, 0x0a, 0x0a, 0x0a, 0x0a, 0x0a, 0x0a,
    },
    {
        0x0a, 0x0a, 0x0a, 0x0a, 0x0a, 0x0a, 0x0a, 0x0a, 0x0a, 0x0a, 0x0a, 0x0a, 0x0a, 0x0a, 0x0a, 0x0a,
        0x0a, 0x0a, 0x0a, 0x0a, 0x0a, 0x0a, 0x0a, 0x0a, 0x0a, 0x0a, 0x0a, 0x0a, 0x0a, 0x0a, 0x0a, 0x0a,
        0x0a, 0x0a, 0x0a, 0x0a, 0x0a, 0x0a, 0x0a, 0x0a, 0x0a, 0x0a, 0x0a, 0x0a, 0x0a, 0x0a, 0x0a, 0x0a,
        0x0a, 0x0a, 0x0a, 0x0a, 0x0a, 0x0a, 0x0a, 0x0a, 0x0a, 0x0a, 0x0a, 0x0a, 0x0a, 0x0a, 0x0a, 0x0a,
        0x0a, 0x0a, 0x0a, 0x0a, 0x0a, 0x0a, 0x0a, 0x0a, 0x0a, 0x0a, 0x0a, 0x0a, 0x0a, 0x0a, 0x0a, 0x0a,
        0x0a, 0x0a, 0x0a, 0x0a, 0x0a, 0x0a, 0x0a, 0x0a, 0x0a, 0x0a, 0x0a, 0x0a, 0x0a, 0x0a, 0x0a, 0x0a,
        0x0a, 0x0a, 0x0a, 0x0a, 0x0a, 0x0a, 0x0a, 0x0a, 0x0a, 0x0a, 0x0a, 0x0a, 0x0a, 0x0a, 0x0a, 0x0a,
        0x0a, 0x0a, 0x0a, 0x0a, 0x0a, 0x0a, 0x0a, 0x0a, 0x0a, 0x0a, 0x0a, 0x0a, 0x0a, 0x0a, 0x0a, 0x0a,
        0x0a, 0x0a, 0x0a, 0x0a, 0x0a, 0x0a, 0x0a, 0x0a, 0x0a, 0x0a, 0x0a, 0x0a, 0x0a, 0x0a, 0x0a, 0x0a,
        0x0a, 0x0a, 0x0a, 0x0a, 0x0a, 0x0a, 0x0a, 0x0a, 0x0a, 0x0a, 0x0a, 0x0a, 0x0a, 0x0a, 0x0a, 0x0a,
        0x0a, 0x0a, 0x0a, 0x0a, 0x0a, 0x0a, 0x0a, 0x0a, 0x0a, 0x0a, 0x0a, 0x0a, 0x0a, 0x0a, 0x0a, 0x0a,
        0x0a, 0x0a, 0x0a, 0x0a, 0x0a, 0x0a, 0x0a, 0x0a, 0x0a, 0x0a, 0x0a, 0x0a, 0x0a, 0x0a, 0x0a, 0x0a,
        0x0a, 0x0a, 0x0a, 0x0a, 0x0a, 0x0a, 0x0a, 0x0a,
    },
    {
        0x0a, 0x0a, 0x0a, 0x0a, 0x0a, 0x0a, 0x0a, 0x0a, 0x0a, 0x0a, 0x0a, 0x0a, 0x0a, 0x0a, 0x0a, 0x0a,
        0x0a, 0x0a, 0x0a, 0x0a, 0x0a, 0x0a, 0x0a, 0x0a, 0x0a, 0x0a, 0x0a, 0x0a, 0x0a, 0x0a, 0x0a, 0x0a,
        0x0a, 0x0a, 0x0a, 0x0a, 0x0a, 0x0a, 0x0a, 0x0a, 0x0a, 0x0a, 0x0a, 0x0a, 0x0a, 0x0a, 0x0a, 0x0a,
        0x0a, 0x0a, 0x0a, 0x0a, 0x0a, 0x0a, 0x0a, 0x0a, 0x0a, 0x0a, 0x0a, 0x0a, 0x0a, 0x0a, 0x0a, 0x0a,
        0x0a, 0x0a, 0x0a, 0x0a, 0x0a, 0x0a, 0x0a, 0x0a, 0x0a, 0x0a, 0x0a, 0x0a, 0x0a, 0x0a, 0x0a, 0x0a,
        0x0a, 0x0a, 0x0a, 0x0a, 0x0a, 0x0a, 0x0a, 0x0a, 0x0a, 0x0a, 0x0a, 0x0a, 0x0a, 0x0a, 0x0a, 0x0a,
        0x0a, 0x0a, 0x0a, 0x0a, 0x0a, 0x0a, 0x0a, 0x0a, 0x0a, 0x0a, 0x0a, 0x0a, 0x0a, 0x0a, 0x0a, 0x0a,
        0x0a, 0x0a, 0x0a, 0x0a, 0x0a, 0x0a, 0x0a, 0x0a, 0x0a, 0x0a, 0x0a, 0x0a, 0x0a, 0x0a, 0x0a, 0x0a,
        0x0a, 0x0a, 0x0a, 0x0a, 0x0a, 0x0a, 0x0a, 0x0a, 0x0a, 0x0a, 0x0a, 0x0a, 0x0a, 0x0a, 0x0a, 0x0a,
        0x0a, 0x0a, 0x0a, 0x0a, 0x0a, 0x0a, 0x0a, 0x0a, 0x0a, 0x0a, 0x0a, 0x0a, 0x0a, 0x0a, 0x0a, 0x0a,
        0x0a, 0x0a, 0x0a, 0x0a, 0x0a, 0x0a, 0x0a, 0x0a, 0x0a, 0x0a, 0x0a, 0x0a, 0x0a, 0x0a, 0x0a, 0x0a,
        0x0a, 0x0a, 0x0a, 0x0a, 0x0a, 0x0a, 0x0a, 0x0a, 0x0a, 0x0a, 0x0a, 0x0a, 0x0a, 0x0a, 0x0a, 0x0a,
        0x0a, 0x0a, 0x0a, 0x0a, 0x0a, 0x0a, 0x0a, 0x0a,
    },
    {
        0x03, 0x03, 0x03, 0x03, 0x03, 0x03, 0x03, 0x03, 0x03, 0x03, 0x03, 0x03, 0x03, 0x03, 0x03, 0x03,
        0x03, 0x03, 0x03, 0x03, 0x03, 0x03, 0x03, 0x03, 0x03, 0x03, 0x03, 0x03, 0x03, 0x03, 0x03, 0x03,
        0x03, 0x03, 0x03, 0x03, 0x03, 0x03, 0x03, 0x03, 0x03, 0x03, 0x03, 0x03, 0x03, 0x03, 0x03, 0x03,
        0x03, 0x03, 0x03, 0x03, 0x03, 0x03, 0x03, 0x03, 0x03, 0x03, 0x03, 0x03, 0x03, 0x03, 0x03, 0x03,
        0x13, 0x13, 0x13, 0x13, 0x13, 0x11, 0x11, 0x11, 0x11, 0x13, 0x13, 0x13, 0x13, 0x13, 0x13, 0x13,
        0x03, 0x03, 0x03, 0x03, 0x03, 0x03, 0x03, 0x03, 0x03, 0x03, 0x03, 0x03, 0x03, 0x03, 0x03, 0x03,
        0x03, 0x03, 0x03, 0x03, 0x03, 0x03, 0x03, 0x03, 0x03, 0x03, 0x03, 0x03, 0x03, 0x03, 0x03, 0x03,
        0x03, 0x03, 0x03, 0x03, 0x03, 0x03, 0x03, 0x03, 0x03, 0x03, 0x03, 0x03, 0x03, 0x03, 0x03, 0x03,
        0x03, 0x03, 0x03, 0x03, 0x03, 0x03, 0x03, 0x03, 0x03, 0x03, 0x03, 0x03, 0x03, 0x03, 0x03, 0x03,
        0x03, 0x03, 0x03, 0x03, 0x03, 0x03, 0x03, 0x03, 0x03, 0x03, 0x03, 0x03, 0x03, 0x03, 0x03, 0x03,
        0x03, 0x03, 0x03, 0x03, 0x03, 0x03, 0x03, 0x03, 0x03, 0x03, 0x03, 0x03, 0x03, 0x03, 0x03, 0x03,
        0x03, 0x03, 0x03, 0x03, 0x03, 0x03, 0x03, 0x03, 0x03, 0x03, 0x03, 0x03, 0x03, 0x03, 0x03, 0x03,
        0x03, 0x03, 0x03, 0x03, 0x03, 0x03, 0x03, 0x03,
    },
    {
        0x03, 0x03, 0x03, 0x03, 0x03, 0x03, 0x03, 0x03, 0x03, 0x03, 0x03, 0x03, 0x03, 0x03, 0x03, 0x03,
        0x03, 0x03, 0x03, 0x03, 0x03, 0x03, 0x03, 0x03, 0x03, 0x03, 0x03, 0x03, 0x03, 0x03, 0x03, 0x03,
        0x03, 0x03, 0x03, 0x03, 0x03, 0x03, 0x03, 0x03, 0x03, 0x03, 0x03, 0x03, 0x03, 0x03, 0x03, 0x03,
        0x03, 0x03, 0x03, 0x03, 0x03, 0x03, 0x03, 0x03, 0x03, 0x03, 0x03, 0x03, 0x03, 0x03, 0x03, 0x03,
        0x13, 0x13, 0x13, 0x11, 0x11, 0x12, 0x12, 0x12, 0x11, 0x11, 0x13, 0x11, 0x11, 0x11, 0x11, 0x11,
        0x03, 0x03, 0x03, 0x03, 0x03, 0x03, 0x03, 0x03, 0x03, 0x03, 0x03, 0x03, 0x03, 0x03, 0x03, 0x03,
        0x03, 0x03, 0x03, 0x03, 0x03, 0x03, 0x03, 0x03, 0x03, 0x03, 0x03, 0x03, 0x03, 0x03, 0x03, 0x03,
        0x03, 0x03, 0x03, 0x03, 0x03, 0x03, 0x03, 0x03, 0x03, 0x03, 0x03, 0x03, 0x03, 0x03, 0x03, 0x03,
        0x03, 0x03, 0x03, 0x03, 0x03, 0x03, 0x03, 0x03, 0x03, 0x03, 0x03, 0x03, 0x03, 0x03, 0x03, 0x03,
        0x03, 0x03, 0x03, 0x03, 0x03, 0x03, 0x03, 0x03, 0x03, 0x03, 0x03, 0x03, 0x03, 0x03, 0x03, 0x03,
        0x03, 0x03, 0x03, 0x03, 0x03, 0x03, 0x03, 0x03, 0x03, 0x03, 0x03, 0x03, 0x03, 0x03, 0x03, 0x03,
        0x03, 0x03, 0x03, 0x03, 0x03, 0x03, 0x03, 0x03, 0x03, 0x03, 0x03, 0x03, 0x03, 0x03, 0x03, 0x03,
        0x03, 0x03, 0x03, 0x03, 0x03, 0x03, 0x03, 0x03,
    },
    {
        0x03, 0x03, 0x03, 0x03, 0x03, 0x03, 0x03, 0x03, 0x03, 0x03, 0x03, 0x03, 0x03, 0x03, 0x03, 0x03,
        0x03, 0x03, 0x03, 0x03, 0x03, 0x03, 0x03, 0x03, 0x03, 0x03, 0x03, 0x03, 0x03, 0x03, 0x03, 0x03,
        0x03, 0x03, 0x03, 0x03, 0x03, 0x03, 0x03, 0x03, 0x03, 0x03, 0x03, 0x03, 0x03, 0x03, 0x03, 0x03,
        0x03, 0x03, 0x03, 0x03, 0x03, 0x03, 0x03, 0x03, 0x03, 0x03, 0x03, 0x03, 0x03, 0x03, 0x03, 0x03,
        0x13, 0x13, 0x11, 0x11, 0x12, 0x12, 0x12, 0x12, 0x12, 0x11, 0x11, 0x12, 0x12, 0x12, 0x12, 0x11,
        0x00, 0x03, 0x03, 0x03, 0x03, 0x03, 0x03, 0x03, 0x03, 0x03, 0x03, 0x03, 0x03, 0x03, 0x03, 0x03,
        0x03, 0x03, 0x03, 0x03, 0x03, 0x03, 0x03, 0x03, 0x03, 0x03, 0x03, 0x03, 0x03, 0x03, 0x03, 0x03,
        0x03, 0x03, 0x03, 0x03, 0x03, 0x03, 0x03, 0x03, 0x03, 0x03, 0x03, 0x03, 0x03, 0x03, 0x03, 0x03,
        0x03, 0x03, 0x03, 0x03, 0x03, 0x03, 0x03, 0x03, 0x03, 0x03, 0x03, 0x03, 0x03, 0x03, 0x03, 0x03,
        0x03, 0x03, 0x03, 0x03, 0x03, 0x03, 0x03, 0x03, 0x03, 0x03, 0x03, 0x03, 0x03, 0x03, 0x03, 0x03,
        0x03, 0x03, 0x03, 0x03, 0x03, 0x03, 0x03, 0x03, 0x03, 0x03, 0x03, 0x03, 0x03, 0x03, 0x03, 0x03,
        0x03, 0x03, 0x03, 0x03, 0x03, 0x03, 0x03, 0x03, 0x03, 0x03, 0x03, 0x03, 0x03, 0x03, 0x03, 0x03,
        0x03, 0x03, 0x03, 0x03, 0x03, 0x03, 0x03, 0x03,
    },
    {
        0x03, 0x03, 0x03, 0x03, 0x03, 0x03, 0x03, 0x03, 0x03, 0x03, 0x03, 0x03, 0x03, 0x03, 0x03, 0x03,
        0x03, 0x03, 0x03, 0x03, 0x03, 0x03, 0x03, 0x03, 0x03, 0x03, 0x03, 0x03, 0x03, 0x03, 0x03, 0x03,
        0x03, 0x03, 0x03, 0x03, 0x03, 0x03, 0x03, 0x03, 0x03, 0x03, 0x03, 0x03, 0x03, 0x03, 0x03, 0x03,
        0x03, 0x03, 0x03, 0x03, 0x03, 0x03, 0x03, 0x03, 0x03, 0x03, 0x03, 0x03, 0x03, 0x03, 0x03, 0x03,
        0x13, 0x13, 0x11, 0x11, 0x11, 0x11, 0x11, 0x12, 0x12, 0x11, 0x12, 0x12, 0x12, 0x12, 0x12, 0x12,
        0x00, 0x00, 0x03, 0x03, 0x03, 0x03, 0x03, 0x03, 0x03, 0x03, 0x03, 0x03, 0x03, 0x03, 0x03, 0x03,
        0x03, 0x03, 0x03, 0x03, 0x03, 0x03, 0x03, 0x03, 0x03, 0x03, 0x03, 0x03, 0x03, 0x03, 0x03, 0x03,
        0x03, 0x03, 0x03, 0x03, 0x03, 0x03, 0x03, 0x03, 0x03, 0x03, 0x03, 0x03, 0x03, 0x03, 0x03, 0x03,
        0x03, 0x03, 0x03, 0x03, 0x03, 0x03, 0x03, 0x03, 0x03, 0x03, 0x03, 0x03, 0x03, 0x03, 0x03, 0x03,
        0x03, 0x03, 0x03, 0x03, 0x03, 0x03, 0x03, 0x03, 0x03, 0x03, 0x03, 0x03, 0x03, 0x03, 0x03, 0x03,
        0x03, 0x03, 0x03, 0x03, 0x03, 0x03, 0x03, 0x03, 0x03, 0x03, 0x03, 0x03, 0x03, 0x03, 0x03, 0x03,
        0x03, 0x03, 0x03, 0x03, 0x03, 0x03, 0x03, 0x03, 0x03, 0x03, 0x03, 0x03, 0x03, 0x03, 0x03, 0x03,
        0x03, 0x03, 0x03, 0x03, 0x03, 0x03, 0x03, 0x03,
    },
    {
        0x03, 0x03, 0x03, 0x03, 0x03, 0x03, 0x03, 0x03, 0x03, 0x03, 0x03, 0x03, 0x03, 0x03, 0x03, 0x03,
        0x03, 0x03, 0x03, 0x03, 0x03, 0x03, 0x03, 0x03, 0x03, 0x03, 0x03, 0x03, 0x03, 0x03, 0x03, 0x03,
        0x03, 0x03, 0x03, 0x03, 0x03, 0x03, 0x03, 0x03, 0x03, 0x03, 0x03, 0x03, 0x03, 0x03, 0x03, 0x03,
        0x03, 0x03, 0x03, 0x03, 0x03, 0x03, 0x03, 0x03, 0x03, 0x03, 0x03, 0x03, 0x03, 0x03, 0x03, 0x03,
        0x13, 0x11, 0x11, 0x13, 0x13, 0x13, 0x13, 0x11, 0x12, 0x11, 0x11, 0x11, 0x11, 0x11, 0x12, 0x12,
        0x02, 0x00, 0x00, 0x03, 0x03, 0x03, 0x03, 0x03, 0x03, 0x03, 0x03, 0x03, 0x03, 0x03, 0x03, 0x03,
        0x03, 0x03, 0x03, 0x03, 0x03, 0x03, 0x03, 0x03, 0x03, 0x03, 0x03, 0x03, 0x03, 0x03, 0x03, 0x03,
        0x03, 0x03, 0x03, 0x03, 0x03, 0x03, 0x03, 0x03, 0x03, 0x03, 0x03, 0x03, 0x03, 0x03, 0x03, 0x03,
        0x03, 0x03, 0x03, 0x03, 0x03, 0x03, 0x03, 0x03, 0x03, 0x03, 0x03, 0x03, 0x03, 0x03, 0x03, 0x03,
        0x03, 0x03, 0x03, 0x03, 0x03, 0x03, 0x03, 0x03, 0x03, 0x03, 0x03, 0x03, 0x03, 0x03, 0x03, 0x03,
        0x03, 0x03, 0x03, 0x03, 0x03, 0x03, 0x03, 0x03, 0x03, 0x03, 0x03, 0x03, 0x03, 0x03, 0x03, 0x03,
        0x03, 0x03, 0x03, 0x03, 0x03, 0x03, 0x03, 0x03, 0x03, 0x03, 0x03, 0x03, 0x03, 0x03, 0x03, 0x03,
        0x03, 0x03, 0x03, 0x03, 0x03, 0x03, 0x03, 0x03,
    },
    {
        0x03, 0x03, 0x03, 0x03, 0x03, 0x03, 0x03, 0x03, 0x03, 0x03, 0x03, 0x03, 0x03, 0x03, 0x03, 0x03,
        0x03, 0x03, 0x03, 0x03, 0x03, 0x03, 0x03, 0x03, 0x03, 0x03, 0x03, 0x03, 0x03, 0x03, 0x03, 0x03,
        0x03, 0x03, 0x03, 0x03, 0x03, 0x03, 0x03, 0x03, 0x03, 0x03, 0x03, 0x03, 0x03, 0x03, 0x03, 0x03,
        0x03, 0x03, 0x03, 0x03, 0x03, 0x03, 0x03, 0x03, 0x03, 0x03, 0x03, 0x03, 0x03, 0x03, 0x03, 0x03,
        0x13, 0x11, 0x11, 0x13, 0x13, 0x13, 0x13, 0x13, 0x11, 0x11, 0x13, 0x13, 0x13, 0x13, 0x11, 0x12,
        0x02, 0x00, 0x00, 0x03, 0x03, 0x03, 0x03, 0x03, 0x03, 0x03, 0x03, 0x03, 0x03, 0x03, 0x03, 0x03,
        0x03, 0x03, 0x03, 0x03, 0x03, 0x03, 0x03, 0x03, 0x03, 0x03, 0x03, 0x03, 0x03, 0x03, 0x03, 0x03,
        0x03, 0x03, 0x03, 0x03, 0x03, 0x03, 0x03, 0x03, 0x03, 0x03, 0x03, 0x03, 0x03, 0x03, 0x03, 0x03,
        0x03, 0x03, 0x03, 0x03, 0x03, 0x03, 0x03, 0x03, 0x03, 0x03, 0x03, 0x03, 0x03, 0x03, 0x03, 0x03,
        0x03, 0x03, 0x03, 0x03, 0x03, 0x03, 0x03, 0x03, 0x03, 0x03, 0x03, 0x03, 0x03, 0x03, 0x03, 0x03,
        0x03, 0x03, 0x03, 0x03, 0x03, 0x03, 0x03, 0x03, 0x03, 0x03, 0x03, 0x03, 0x03, 0x03, 0x03, 0x03,
        0x03, 0x03, 0x03, 0x03, 0x03, 0x03, 0x03, 0x03, 0x03, 0x03, 0x03, 0x03, 0x03, 0x03, 0x03, 0x03,
        0x03, 0x03, 0x03, 0x03, 0x03, 0x03, 0x03, 0x03,
    },
    {
        0x03, 0x03, 0x03, 0x03, 0x03, 0x03, 0x03, 0x03, 0x03, 0x03, 0x03, 0x03, 0x03, 0x03, 0x03, 0x03,
        0x03, 0x03, 0x03, 0x03, 0x03, 0x03, 0x03, 0x03, 0x03, 0x03, 0x03, 0x03, 0x03, 0x03, 0x03, 0x03,
        0x03, 0x03, 0x03, 0x03, 0x03, 0x03, 0x03, 0x03, 0x03, 0x03, 0x03, 0x03, 0x03, 0x03, 0x03, 0x03,
        0x03, 0x03, 0x03, 0x03, 0x03, 0x03, 0x03, 0x03, 0x03, 0x03, 0x03, 0x00, 0x00, 0x00, 0x00, 0x00,
        0x13, 0x11, 0x13, 0x13, 0x13, 0x11, 0x11, 0x13, 0x11, 0x13, 0x13, 0x13, 0x13, 0x13, 0x13, 0x11,
        0x02, 0x00, 0x00, 0x03, 0x03, 0x03, 0x03, 0x03, 0x03, 0x03, 0x03, 0x03, 0x03, 0x03, 0x03, 0x03,
        0x03, 0x03, 0x03, 0x03, 0x03, 0x03, 0x03, 0x03, 0x03, 0x03, 0x03, 0x03, 0x03, 0x03, 0x03, 0x03,
        0x03, 0x03, 0x03, 0x03, 0x03, 0x03, 0x03, 0x03, 0x03, 0x03, 0x03, 0x03, 0x03, 0x03, 0x03, 0x03,
        0x03, 0x03, 0x03, 0x03, 0x03, 0x03, 0x03, 0x03, 0x03, 0x03, 0x03, 0x03, 0x03, 0x03, 0x03, 0x03,
        0x03, 0x03, 0x03, 0x03, 0x03, 0x03, 0x03, 0x03, 0x03, 0x03, 0x03, 0x03, 0x03, 0x03, 0x03, 0x03,
        0x03, 0x03, 0x03, 0x03, 0x03, 0x03, 0x03, 0x03, 0x03, 0x03, 0x03, 0x03, 0x03, 0x03, 0x03, 0x03,
        0x03, 0x03, 0x03, 0x03, 0x03, 0x03, 0x03, 0x03, 0x03, 0x03, 0x03, 0x03, 0x03, 0x03, 0x03, 0x03,
        0x03, 0x03, 0x03, 0x03, 0x03, 0x03, 0x03, 0x03,
    },
    {
        0x03, 0x03, 0x03, 0x03, 0x03, 0x03, 0x03, 0x03, 0x03, 0x03, 0x03, 0x03, 0x03, 0x03, 0x03, 0x03,
        0x03, 0x03, 0x03, 0x03, 0x03, 0x03, 0x03, 0x03, 0x03, 0x03, 0x03, 0x03, 0x03, 0x03, 0x03, 0x03,
        0x03, 0x03, 0x03, 0x03, 0x03, 0x03, 0x03, 0x03, 0x03, 0x03, 0x03, 0x03, 0x03, 0x03, 0x03, 0x03,
        0x03, 0x03, 0x03, 0x03, 0x03, 0x03, 0x03, 0x03, 0x00, 0x00, 0x00, 0x00, 0x00, 0x00, 0x00, 0x00,
        0x11, 0x11, 0x11, 0x13, 0x11, 0x13, 0x11, 0x13, 0x11, 0x13, 0x13, 0x13, 0x13, 0x13, 0x13, 0x13,
        0x00, 0x00, 0x00, 0x00, 0x03, 0x03, 0x03, 0x03, 0x03, 0x03, 0x03, 0x03, 0x03, 0x03, 0x03, 0x03,
        0x03, 0x03, 0x03, 0x03, 0x03, 0x03, 0x03, 0x03, 0x03, 0x03, 0x03, 0x03, 0x03, 0x03, 0x03, 0x03,
        0x03, 0x03, 0x03, 0x03, 0x03, 0x03, 0x03, 0x03, 0x03, 0x03, 0x03, 0x03, 0x03, 0x03, 0x03, 0x03,
        0x03, 0x03, 0x03, 0x03, 0x03, 0x03, 0x03, 0x03, 0x03, 0x03, 0x03, 0x03, 0x03, 0x03, 0x03, 0x03,
        0x03, 0x03, 0x03, 0x03, 0x03, 0x03, 0x03, 0x03, 0x03, 0x03, 0x03, 0x03, 0x03, 0x03, 0x03, 0x03,
        0x03, 0x03, 0x03, 0x03, 0x03, 0x03, 0x03, 0x03, 0x03, 0x03, 0x03, 0x03, 0x03, 0x03, 0x03, 0x03,
        0x03, 0x03, 0x03, 0x03, 0x03, 0x03, 0x03, 0x03, 0x03, 0x03, 0x03, 0x03, 0x03, 0x03, 0x03, 0x03,
        0x03, 0x03, 0x03, 0x03, 0x03, 0x03, 0x03, 0x03,
    },
};

/// Backup memory signature of each title screen variant.
static const u8 cTitleSignature[6][32] = {
    {
        0x0f, 0x06, 0x09, 0x00, 0x0f, 0x06, 0x01, 0x00, 0x0f, 0x09, 0x08, 0x06, 0x0f, 0x06, 0x08, 0x00,
        0x0f, 0x0f, 0x09, 0x00, 0x0f, 0x01, 0x09, 0x00, 0x0f, 0x0a, 0x09, 0x09, 0x0f, 0x02, 0x01, 0x0f,
    },
    {
        0x0f, 0x06, 0x09, 0x00, 0x0f, 0x06, 0x01, 0x00, 0x0f, 0x09, 0x08, 0x06, 0x0f, 0x06, 0x08, 0x00,
        0x0f, 0x0f, 0x09, 0x00, 0x0f, 0x11, 0x09, 0x10, 0x0f, 0x0a, 0x09, 0x19, 0x0f, 0x02, 0x01, 0x0f,
    },
    {
        0x0f, 0x16, 0x19, 0x10, 0x0f, 0x16, 0x11, 0x10, 0x0f, 0x19, 0x18, 0x06, 0x0f, 0x16, 0x18, 0x10,
        0x0f, 0x0f, 0x19, 0x10, 0x0f, 0x21, 0x19, 0x20, 0x0f, 0x0a, 0x19, 0x29, 0x0f, 0x02, 0x01, 0x0f,
    },
    {
        0x0f, 0x26, 0x29, 0x20, 0x0f, 0x26, 0x21, 0x20, 0x0f, 0x29, 0x28, 0x16, 0x0f, 0x26, 0x28, 0x20,
        0x0f, 0x0f, 0x29, 0x20, 0x0f, 0x31, 0x29, 0x30, 0x0f, 0x1a, 0x29, 0x39, 0x0f, 0x12, 0x11, 0x0f,
    },
    {
        0x0f, 0x06, 0x09, 0x00, 0x0f, 0x06, 0x01, 0x00, 0x0f, 0x09, 0x08, 0x0f, 0x0f, 0x06, 0x08, 0x00,
        0x0f, 0x0f, 0x09, 0x00, 0x0f, 0x11, 0x09, 0x10, 0x0f, 0x0f, 0x09, 0x19, 0x0f, 0x0f, 0x0f, 0x0f,
    },
    {
        0x0f, 0x0f, 0x0f, 0x0f, 0x0f, 0x0f, 0x0f, 0x0f, 0x0f, 0x0f, 0x0f, 0x0f, 0x0f, 0x0f, 0x0f, 0x0f,
        0x0f, 0x0f, 0x0f, 0x0f, 0x0f, 0x01, 0x0f, 0x00, 0x0f, 0x0f, 0x0f, 0x09, 0x0f, 0x0f, 0x0f, 0x0f,
    },
};

/// Palette of each title screen variant.
static const u8 cTitleColor[6][32] = {
    {
        0x0f, 0x06, 0x09, 0x00, 0x0f, 0x06, 0x01, 0x00, 0x0f, 0x09, 0x00, 0x06, 0x0f, 0x06, 0x00, 0x00,
        0x0f, 0x0f, 0x09, 0x00, 0x0f, 0x01, 0x09, 0x00, 0x0f, 0x0a, 0x09, 0x09, 0x0f, 0x02, 0x01, 0x0f,
    },
    {
        0x0f, 0x06, 0x09, 0x00, 0x0f, 0x06, 0x01, 0x00, 0x0f, 0x09, 0x00, 0x06, 0x0f, 0x06, 0x00, 0x00,
        0x0f, 0x0f, 0x09, 0x00, 0x0f, 0x11, 0x09, 0x10, 0x0f, 0x0a, 0x09, 0x19, 0x0f, 0x02, 0x01, 0x0f,
    },
    {
        0x0f, 0x16, 0x19, 0x10, 0x0f, 0x16, 0x11, 0x10, 0x0f, 0x19, 0x10, 0x06, 0x0f, 0x16, 0x10, 0x10,
        0x0f, 0x0f, 0x19, 0x10, 0x0f, 0x21, 0x19, 0x20, 0x0f, 0x0a, 0x19, 0x29, 0x0f, 0x02, 0x01, 0x0f,
    },
    {
        0x0f, 0x26, 0x29, 0x20, 0x0f, 0x26, 0x21, 0x20, 0x0f, 0x29, 0x20, 0x16, 0x0f, 0x26, 0x20, 0x20,
        0x0f, 0x0f, 0x29, 0x20, 0x0f, 0x31, 0x29, 0x30, 0x0f, 0x1a, 0x29, 0x39, 0x0f, 0x12, 0x11, 0x0f,
    },
    {
        0x0f, 0x06, 0x09, 0x00, 0x0f, 0x06, 0x01, 0x00, 0x0f, 0x09, 0x00, 0x0f, 0x0f, 0x06, 0x00, 0x00,
        0x0f, 0x0f, 0x09, 0x00, 0x0f, 0x11, 0x09, 0x10, 0x0f, 0x0f, 0x09, 0x19, 0x0f, 0x0f, 0x0f, 0x0f,
    },
    {
        0x0f, 0x0f, 0x0f, 0x0f, 0x0f, 0x0f, 0x0f, 0x0f, 0x0f, 0x0f, 0x0f, 0x0f, 0x0f, 0x0f, 0x0f, 0x0f,
        0x0f, 0x0f, 0x0f, 0x0f, 0x0f, 0x01, 0x0f, 0x00, 0x0f, 0x0f, 0x0f, 0x09, 0x0f, 0x0f, 0x0f, 0x0f,
    },
};

/// Pixels identifying the logo screen.
static const u8 cLogoCheck[5][14] = {
    {
        0x00, 0x00, 0x00, 0x00, 0x00, 0x00, 0x07, 0x00, 0x00, 0x06, 0x06, 0x06, 0x00, 0x00,
    },
    {
        0x00, 0x00, 0x00, 0x00, 0x00, 0x00, 0x07, 0x00, 0x00, 0x00, 0x06, 0x00, 0x00, 0x00,
    },
    {
        0x07, 0x06, 0x00, 0x00, 0x06, 0x07, 0x07, 0x00, 0x00, 0x06, 0x00, 0x06, 0x00, 0x00,
    },
    {
        0x07, 0x06, 0x00, 0x00, 0x06, 0x07, 0x07, 0x00, 0x00, 0x06, 0x00, 0x06, 0x00, 0x00,
    },
    {
        0x06, 0x07, 0x00, 0x00, 0x07, 0x06, 0x06, 0x00, 0x00, 0x07, 0x07, 0x07, 0x00, 0x00,
    },
};

/// Replacement logo picture (palette index of every pixel).
static const u8 cLogoImage[38][136] = {
    {
        0x06, 0x06, 0x07, 0x07, 0x07, 0x07, 0x06, 0x06, 0x06, 0x06, 0x07, 0x07, 0x07, 0x07, 0x06, 0x06,
        0x06, 0x06, 0x07, 0x07, 0x07, 0x07, 0x06, 0x06, 0x06, 0x06, 0x07, 0x07, 0x07, 0x07, 0x06, 0x06,
        0x06, 0x06, 0x07, 0x07, 0x07, 0x07, 0x06, 0x06, 0x06, 0x06, 0x07, 0x00, 0x00, 0x00, 0x00, 0x00,
        0x00, 0x00, 0x00, 0x07, 0x07, 0x07, 0x06, 0x06, 0x06, 0x06, 0x07, 0x07, 0x07, 0x07, 0x06, 0x06,
        0x06, 0x06, 0x00, 0x00, 0x00, 0x00, 0x06, 0x06, 0x06, 0x06, 0x07, 0x07, 0x07, 0x07, 0x06, 0x06,
        0x06, 0x06, 0x07, 0x07, 0x07, 0x07, 0x06, 0x06, 0x06, 0x06, 0x07, 0x07, 0x07, 0x07, 0x06, 0x06,
        0x06, 0x06, 0x07, 0x07, 0x07, 0x07, 0x06, 0x06, 0x06, 0x06, 0x07, 0x07, 0x07, 0x07, 0x06, 0x06,
        0x06, 0x06, 0x07, 0x07, 0x07, 0x07, 0x06, 0x06, 0x06, 0x06, 0x07, 0x07, 0x07, 0x07, 0x06, 0x06,
        0x06, 0x06, 0x07, 0x07, 0x07, 0x07, 0x06, 0x06,
    },
    {
        0x07, 0x07, 0x06, 0x06, 0x06, 0x06, 0x07, 0x07, 0x07, 0x07, 0x06, 0x06, 0x06, 0x06, 0x07, 0x07,
        0x07, 0x07, 0x06, 0x06, 0x06, 0x06, 0x07, 0x07, 0x07, 0x07, 0x06, 0x06, 0x06, 0x06, 0x07, 0x07,
        0x07, 0x00, 0x00, 0x00, 0x00, 0x00, 0x07, 0x07, 0x07, 0x07, 0x06, 0x00, 0x05, 0x05, 0x05, 0x05,
        0x05, 0x05, 0x00, 0x06, 0x06, 0x06, 0x07, 0x07, 0x07, 0x07, 0x06, 0x06, 0x06, 0x06, 0x07, 0x07,
        0x07, 0x07, 0x00, 0x05, 0x05, 0x05, 0x00, 0x00, 0x00, 0x00, 0x06, 0x06, 0x06, 0x06, 0x07, 0x00,
        0x00, 0x00, 0x00, 0x00, 0x06, 0x06, 0x07, 0x07, 0x07, 0x07, 0x06, 0x06, 0x06, 0x06, 0x07, 0x07,
        0x07, 0x07, 0x06, 0x06, 0x06, 0x06, 0x07, 0x07, 0x07, 0x07, 0x06, 0x06, 0x06, 0x06, 0x07, 0x07,
        0x07, 0x07, 0x06, 0x06, 0x06, 0x06, 0x07, 0x07, 0x07, 0x07, 0x06, 0x06, 0x06, 0x06, 0x07, 0x07,
        0x07, 0x07, 0x06, 0x06, 0x06, 0x06, 0x07, 0x07,
    },
    {
        0x07, 0x07, 0x06, 0x06, 0x06, 0x06, 0x07, 0x07, 0x07, 0x07, 0x06, 0x06, 0x06, 0x06, 0x07, 0x07,
        0x07, 0x07, 0x06, 0x06, 0x06, 0x06, 0x07, 0x07, 0x07, 0x07, 0x06, 0x06, 0x00, 0x00, 0x00, 0x00,
        0x00, 0x05, 0x05, 0x05, 0x05, 0x05, 0x00, 0x00, 0x00, 0x07, 0x06, 0x00, 0x05, 0x05, 0x05, 0x05,
        0x05, 0x05, 0x00, 0x06, 0x06, 0x06, 0x00, 0x00, 0x00, 0x00, 0x06, 0x06, 0x06, 0x06, 0x07, 0x07,
        0x07, 0x07, 0x06, 0x00, 0x05, 0x05, 0x05, 0x05, 0x05, 0x00, 0x06, 0x06, 0x06, 0x06, 0x07, 0x00,
        0x05, 0x05, 0x05, 0x05, 0x00, 0x00, 0x00, 0x00, 0x00, 0x07, 0x06, 0x06, 0x06, 0x06, 0x07, 0x07,
        0x00, 0x00, 0x00, 0x00, 0x00, 0x00, 0x07, 0x07, 0x07, 0x07, 0x06, 0x06, 0x06, 0x06, 0x07, 0x07,
        0x07, 0x07, 0x06, 0x06, 0x06, 0x06, 0x07, 0x07, 0x07, 0x07, 0x06, 0x06, 0x06, 0x06, 0x07, 0x07,
        0x07, 0x07, 0x06, 0x06, 0x06, 0x06, 0x07, 0x07,
    },
    {
        0x07, 0x07, 0x06, 0x06, 0x06, 0x06, 0x07, 0x07, 0x07, 0x07, 0x06, 0x06, 0x06, 0x00, 0x00, 0x00,
        0x07, 0x07, 0x06, 0x06, 0x06, 0x06, 0x07, 0x00, 0x00, 0x00, 0x00, 0x06, 0x00, 0x05, 0x05, 0x05,
        0x05, 0x05, 0x05, 0x05, 0x05, 0x05, 0x05, 0x05, 0x05, 0x00, 0x06, 0x00, 0x05, 0x05, 0x05, 0x05,
        0x05, 0x05, 0x00, 0x06, 0x00, 0x00, 0x05, 0x05, 0x05, 0x05, 0x00, 0x00, 0x06, 0x06, 0x07, 0x07,
        0x07, 0x07, 0x06, 0x00, 0x05, 0x05, 0x05, 0x05, 0x05, 0x00, 0x06, 0x06, 0x06, 0x06, 0x00, 0x05,
        0x05, 0x05, 0x05, 0x05, 0x05, 0x05, 0x05, 0x05, 0x00, 0x07, 0x06, 0x06, 0x06, 0x06, 0x00, 0x00,
        0x05, 0x05, 0x05, 0x05, 0x05, 0x05, 0x00, 0x00, 0x00, 0x07, 0x06, 0x06, 0x06, 0x06, 0x07, 0x07,
        0x07, 0x07, 0x06, 0x06, 0x00, 0x00, 0x00, 0x00, 0x00, 0x07, 0x00, 0x06, 0x06, 0x06, 0x00, 0x07,
        0x07, 0x07, 0x06, 0x06, 0x06, 0x06, 0x07, 0x07,
    },
    {
        0x07, 0x07, 0x06, 0x06, 0x06, 0x06, 0x07, 0x07, 0x07, 0x07, 0x00, 0x00, 0x00, 0x05, 0x05, 0x00,
        0x07, 0x07, 0x06, 0x00, 0x00, 0x00, 0x00, 0x05, 0x05, 0x05, 0x00, 0x06, 0x00, 0x05, 0x05, 0x05,
        0x05, 0x05, 0x05, 0x05, 0x05, 0x05, 0x05, 0x05, 0x05, 0x05, 0x00, 0x00, 0x05, 0x05, 0x05, 0x05,
        0x05, 0x00, 0x06, 0x00, 0x05, 0x05, 0x05, 0x05, 0x05, 0x05, 0x05, 0x05, 0x00, 0x06, 0x07, 0x07,
        0x07, 0x07, 0x06, 0x06, 0x00, 0x05, 0x05, 0x05, 0x05, 0x05, 0x00, 0x06, 0x06, 0x06, 0x00, 0x05,
        0x05, 0x05, 0x05, 0x05, 0x05, 0x05, 0x05, 0x00, 0x07, 0x07, 0x06, 0x06, 0x06, 0x00, 0x05, 0x05,
        0x05, 0x05, 0x05, 0x05, 0x05, 0x05, 0x05, 0x05, 0x00, 0x07, 0x06, 0x06, 0x06, 0x06, 0x07, 0x07,
        0x07, 0x07, 0x06, 0x06, 0x06, 0x06, 0x00, 0x07, 0x07, 0x07, 0x00, 0x00, 0x06, 0x00, 0x00, 0x07,
        0x07, 0x07, 0x06, 0x06, 0x06, 0x06, 0x07, 0x07,
    },
    {
        0x06, 0x06, 0x07, 0x07, 0x07, 0x07, 0x06, 0x06, 0x06, 0x06, 0x00, 0x05, 0x05, 0x05, 0x05, 0x00,
        0x06, 0x06, 0x07, 0x00, 0x05, 0x05, 0x05, 0x05, 0x05, 0x05, 0x00, 0x07, 0x00, 0x05, 0x05, 0x05,
        0x05, 0x05, 0x05, 0x05, 0x05, 0x05, 0x05, 0x05, 0x05, 0x05, 0x00, 0x00, 0x05, 0x05, 0x05, 0x05,
        0x05, 0x00, 0x00, 0x05, 0x05, 0x05, 0x05, 0x05, 0x05, 0x05, 0x05, 0x05, 0x05, 0x00, 0x06, 0x06,
        0x06, 0x06, 0x07, 0x07, 0x00, 0x05, 0x05, 0x05, 0x05, 0x05, 0x00, 0x07, 0x07, 0x07, 0x00, 0x05,
        0x05, 0x05, 0x05, 0x05, 0x05, 0x05, 0x00, 0x06, 0x06, 0x06, 0x07, 0x07, 0x00, 0x05, 0x05, 0x05,
        0x05, 0x05, 0x05, 0x05, 0x05, 0x05, 0x05, 0x05, 0x00, 0x00, 0x00, 0x07, 0x07, 0x07, 0x06, 0x06,
        0x06, 0x06, 0x07, 0x07, 0x07, 0x07, 0x00, 0x06, 0x06, 0x06, 0x00, 0x07, 0x00, 0x07, 0x00, 0x06,
        0x06, 0x06, 0x07, 0x07, 0x07, 0x07, 0x06, 0x06,
    },
    {
        0x06, 0x06, 0x07, 0x07, 0x07, 0x07, 0x06, 0x06, 0x06, 0x06, 0x00, 0x05, 0x05, 0x05, 0x05, 0x00,
        0x06, 0x06, 0x07, 0x00, 0x05, 0x05, 0x05, 0x05, 0x05, 0x05, 0x00, 0x07, 0x00, 0x05, 0x05, 0x05,
        0x05, 0x05, 0x05, 0x05, 0x05, 0x05, 0x05, 0x05, 0x05, 0x05, 0x05, 0x00, 0x05, 0x05, 0x05, 0x05,
        0x05, 0x00, 0x00, 0x05, 0x05, 0x05, 0x05, 0x05, 0x05, 0x05, 0x05, 0x05, 0x05, 0x00, 0x06, 0x06,
        0x06, 0x06, 0x07, 0x07, 0x07, 0x00, 0x05, 0x05, 0x05, 0x05, 0x00, 0x07, 0x07, 0x00, 0x05, 0x05,
        0x05, 0x05, 0x05, 0x05, 0x05, 0x00, 0x06, 0x06, 0x06, 0x06, 0x07, 0x07, 0x00, 0x05, 0x05, 0x05,
        0x05, 0x05, 0x05, 0x05, 0x05, 0x05, 0x05, 0x05, 0x00, 0x05, 0x05, 0x00, 0x00, 0x00, 0x06, 0x06,
        0x06, 0x06, 0x07, 0x07, 0x07, 0x07, 0x00, 0x06, 0x06, 0x06, 0x00, 0x07, 0x00, 0x07, 0x00, 0x06,
        0x06, 0x06, 0x07, 0x07, 0x07, 0x07, 0x06, 0x06,
    },
    {
        0x06, 0x06, 0x07, 0x07, 0x00, 0x00, 0x06, 0x06, 0x06, 0x06, 0x00, 0x05, 0x05, 0x05, 0x05, 0x00,
        0x06, 0x06, 0x07, 0x00, 0x05, 0x05, 0x05, 0x05, 0x05, 0x05, 0x00, 0x07, 0x00, 0x05, 0x05, 0x05,
        0x05, 0x05, 0x05, 0x00, 0x00, 0x00, 0x05, 0x05, 0x05, 0x05, 0x05, 0x00, 0x05, 0x05, 0x05, 0x05,
        0x05, 0x00, 0x05, 0x05, 0x05, 0x05, 0x05, 0x05, 0x05, 0x05, 0x05, 0x05, 0x05, 0x05, 0x00, 0x06,
        0x06, 0x06, 0x07, 0x07, 0x07, 0x00, 0x05, 0x05, 0x05, 0x05, 0x05, 0x00, 0x07, 0x00, 0x05, 0x05,
        0x05, 0x05, 0x05, 0x05, 0x00, 0x00, 0x00, 0x00, 0x00, 0x06, 0x07, 0x00, 0x05, 0x05, 0x05, 0x05,
        0x05, 0x05, 0x05, 0x05, 0x05, 0x05, 0x05, 0x00, 0x05, 0x05, 0x05, 0x05, 0x05, 0x05, 0x00, 0x06,
        0x06, 0x06, 0x07, 0x07, 0x07, 0x07, 0x06, 0x06, 0x06, 0x06, 0x07, 0x07, 0x07, 0x07, 0x06, 0x06,
        0x06, 0x06, 0x07, 0x07, 0x07, 0x07, 0x06, 0x06,
    },
    {
        0x06, 0x06, 0x00, 0x00, 0x05, 0x00, 0x06, 0x06, 0x06, 0x06, 0x00, 0x05, 0x05, 0x05, 0x05, 0x00,
        0x06, 0x06, 0x07, 0x00, 0x05, 0x05, 0x05, 0x05, 0x05, 0x05, 0x05, 0x00, 0x07, 0x00, 0x05, 0x05,
        0x05, 0x05, 0x05, 0x00, 0x07, 0x07, 0x00, 0x05, 0x05, 0x05, 0x05, 0x00, 0x05, 0x05, 0x05, 0x05,
        0x05, 0x00, 0x05, 0x05, 0x05, 0x05, 0x05, 0x00, 0x00, 0x05, 0x05, 0x05, 0x05, 0x05, 0x00, 0x06,
        0x06, 0x06, 0x07, 0x07, 0x07, 0x07, 0x00, 0x05, 0x05, 0x05, 0x05, 0x00, 0x07, 0x00, 0x05, 0x05,
        0x05, 0x05, 0x05, 0x00, 0x00, 0x06, 0x06, 0x06, 0x07, 0x00, 0x00, 0x00, 0x05, 0x05, 0x05, 0x05,
        0x05, 0x05, 0x00, 0x00, 0x00, 0x05, 0x05, 0x00, 0x05, 0x05, 0x05, 0x05, 0x05, 0x05, 0x00, 0x06,
        0x06, 0x06, 0x07, 0x07, 0x07, 0x07, 0x00, 0x00, 0x06, 0x06, 0x07, 0x07, 0x07, 0x07, 0x06, 0x06,
        0x06, 0x06, 0x07, 0x07, 0x07, 0x07, 0x06, 0x06,
    },
    {
        0x00, 0x00, 0x05, 0x05, 0x05, 0x05, 0x00, 0x07, 0x07, 0x00, 0x05, 0x05, 0x05, 0x05, 0x05, 0x00,
        0x07, 0x07, 0x06, 0x00, 0x05, 0x05, 0x05, 0x05, 0x05, 0x05, 0x05, 0x00, 0x06, 0x00, 0x05, 0x05,
        0x05, 0x05, 0x05, 0x00, 0x06, 0x06, 0x00, 0x05, 0x05, 0x05, 0x05, 0x00, 0x05, 0x05, 0x05, 0x05,
        0x05, 0x00, 0x05, 0x05, 0x05, 0x05, 0x00, 0x07, 0x07, 0x00, 0x05, 0x05, 0x05, 0x05, 0x00, 0x07,
        0x07, 0x07, 0x06, 0x06, 0x06, 0x06, 0x00, 0x05, 0x05, 0x05, 0x05, 0x05, 0x00, 0x05, 0x05, 0x05,
        0x05, 0x05, 0x00, 0x06, 0x06, 0x06, 0x06, 0x06, 0x07, 0x07, 0x07, 0x00, 0x05, 0x05, 0x05, 0x05,
        0x05, 0x00, 0x06, 0x06, 0x06, 0x00, 0x00, 0x00, 0x05, 0x05, 0x05, 0x05, 0x05, 0x05, 0x00, 0x07,
        0x07, 0x00, 0x00, 0x00, 0x06, 0x06, 0x00, 0x05, 0x00, 0x00, 0x06, 0x06, 0x06, 0x06, 0x07, 0x07,
        0x07, 0x07, 0x06, 0x06, 0x06, 0x06, 0x07, 0x07,
    },
    {
        0x00, 0x05, 0x05, 0x05, 0x05, 0x05, 0x00, 0x07, 0x07, 0x00, 0x05, 0x05, 0x05, 0x05, 0x05, 0x00,
        0x07, 0x07, 0x06, 0x00, 0x05, 0x05, 0x05, 0x05, 0x05, 0x05, 0x05, 0x00, 0x06, 0x00, 0x05, 0x05,
        0x05, 0x05, 0x05, 0x00, 0x06, 0x06, 0x00, 0x05, 0x05, 0x05, 0x05, 0x00, 0x05, 0x05, 0x05, 0x05,
        0x00, 0x05, 0x05, 0x05, 0x05, 0x05, 0x00, 0x07, 0x07, 0x00, 0x05, 0x05, 0x05, 0x05, 0x05, 0x00,
        0x07, 0x07, 0x06, 0x00, 0x00, 0x00, 0x07, 0x00, 0x05, 0x05, 0x05, 0x05, 0x00, 0x05, 0x05, 0x05,
        0x05, 0x00, 0x07, 0x07, 0x06, 0x06, 0x06, 0x07, 0x07, 0x07, 0x07, 0x07, 0x00, 0x05, 0x05, 0x05,
        0x05, 0x00, 0x06, 0x06, 0x06, 0x06, 0x07, 0x00, 0x05, 0x05, 0x05, 0x05, 0x05, 0x00, 0x07, 0x07,
        0x07, 0x00, 0x05, 0x05, 0x00, 0x00, 0x00, 0x05, 0x05, 0x05, 0x00, 0x00, 0x06, 0x06, 0x07, 0x07,
        0x07, 0x07, 0x06, 0x06, 0x06, 0x06, 0x07, 0x07,
    },
    {
        0x00, 0x05, 0x05, 0x05, 0x05, 0x05, 0x00, 0x07, 0x07, 0x00, 0x05, 0x05, 0x05, 0x05, 0x05, 0x05,
        0x00, 0x07, 0x06, 0x00, 0x05, 0x05, 0x05, 0x05, 0x05, 0x05, 0x05, 0x00, 0x06, 0x00, 0x05, 0x05,
        0x05, 0x05, 0x05, 0x00, 0x06, 0x06, 0x00, 0x05, 0x05, 0x05, 0x05, 0x00, 0x05, 0x05, 0x05, 0x05,
        0x00, 0x05, 0x05, 0x05, 0x05, 0x00, 0x07, 0x07, 0x07, 0x07, 0x00, 0x05, 0x05, 0x05, 0x05, 0x00,
        0x07, 0x07, 0x00, 0x00, 0x00, 0x00, 0x07, 0x00, 0x05, 0x05, 0x05, 0x05, 0x05, 0x05, 0x05, 0x05,
        0x05, 0x00, 0x07, 0x07, 0x07, 0x07, 0x07, 0x07, 0x07, 0x07, 0x07, 0x07, 0x00, 0x05, 0x05, 0x05,
        0x05, 0x00, 0x06, 0x06, 0x06, 0x06, 0x07, 0x00, 0x05, 0x05, 0x05, 0x05, 0x05, 0x00, 0x07, 0x07,
        0x07, 0x00, 0x05, 0x05, 0x05, 0x05, 0x00, 0x05, 0x05, 0x05, 0x05, 0x05, 0x00, 0x00, 0x07, 0x07,
        0x07, 0x07, 0x06, 0x06, 0x06, 0x06, 0x07, 0x07,
    },
    {
        0x00, 0x05, 0x05, 0x05, 0x05, 0x05, 0x05, 0x00, 0x07, 0x00, 0x05, 0x05, 0x05, 0x05, 0x05, 0x05,
        0x00, 0x07, 0x06, 0x00, 0x05, 0x05, 0x05, 0x00, 0x00, 0x05, 0x05, 0x05, 0x00, 0x00, 0x05, 0x05,
        0x05, 0x05, 0x05, 0x00, 0x00, 0x00, 0x05, 0x05, 0x05, 0x05, 0x05, 0x00, 0x05, 0x05, 0x05, 0x05,
        0x00, 0x05, 0x05, 0x05, 0x05, 0x00, 0x07, 0x07, 0x07, 0x07, 0x00, 0x05, 0x05, 0x05, 0x05, 0x00,
        0x07, 0x00, 0x00, 0x00, 0x00, 0x00, 0x00, 0x07, 0x00, 0x05, 0x05, 0x05, 0x05, 0x05, 0x05, 0x05,
        0x00, 0x07, 0x07, 0x07, 0x07, 0x07, 0x07, 0x07, 0x07, 0x07, 0x06, 0x06, 0x07, 0x00, 0x05, 0x05,
        0x05, 0x00, 0x06, 0x06, 0x06, 0x06, 0x00, 0x05, 0x05, 0x05, 0x05, 0x05, 0x05, 0x00, 0x07, 0x07,
        0x00, 0x05, 0x05, 0x05, 0x05, 0x00, 0x05, 0x05, 0x05, 0x05, 0x05, 0x05, 0x05, 0x05, 0x00, 0x07,
        0x07, 0x07, 0x06, 0x06, 0x06, 0x06, 0x07, 0x07,
    },
    {
        0x00, 0x05, 0x05, 0x05, 0x05, 0x05, 0x05, 0x00, 0x06, 0x00, 0x05, 0x05, 0x05, 0x05, 0x05, 0x05,
        0x00, 0x06, 0x07, 0x00, 0x05, 0x05, 0x05, 0x00, 0x00, 0x05, 0x05, 0x05, 0x00, 0x00, 0x05, 0x05,
        0x05, 0x05, 0x05, 0x05, 0x05, 0x05, 0x05, 0x05, 0x05, 0x05, 0x00, 0x00, 0x05, 0x05, 0x05, 0x05,
        0x00, 0x05, 0x05, 0x05, 0x05, 0x00, 0x06, 0x06, 0x06, 0x06, 0x00, 0x05, 0x05, 0x05, 0x05, 0x00,
        0x06, 0x00, 0x00, 0x07, 0x07, 0x00, 0x00, 0x06, 0x00, 0x05, 0x05, 0x05, 0x05, 0x05, 0x05, 0x05,
        0x00, 0x07, 0x07, 0x07, 0x07, 0x07, 0x06, 0x06, 0x07, 0x07, 0x06, 0x06, 0x07, 0x00, 0x05, 0x05,
        0x05, 0x05, 0x00, 0x07, 0x07, 0x07, 0x00, 0x05, 0x05, 0x05, 0x05, 0x05, 0x00, 0x07, 0x06, 0x06,
        0x00, 0x05, 0x05, 0x05, 0x05, 0x00, 0x05, 0x05, 0x05, 0x05, 0x05, 0x05, 0x05, 0x00, 0x06, 0x06,
        0x06, 0x06, 0x07, 0x07, 0x07, 0x07, 0x06, 0x06,
    },
    {
        0x00, 0x05, 0x05, 0x05, 0x05, 0x05, 0x05, 0x00, 0x06, 0x00, 0x05, 0x05, 0x05, 0x05, 0x05, 0x05,
        0x00, 0x06, 0x07, 0x00, 0x05, 0x05, 0x05, 0x00, 0x00, 0x05, 0x05, 0x05, 0x00, 0x07, 0x00, 0x05,
        0x05, 0x05, 0x05, 0x05, 0x05, 0x05, 0x05, 0x05, 0x05, 0x05, 0x00, 0x00, 0x05, 0x05, 0x05, 0x05,
        0x00, 0x05, 0x05, 0x05, 0x05, 0x00, 0x06, 0x06, 0x06, 0x06, 0x00, 0x05, 0x05, 0x05, 0x05, 0x00,
        0x06, 0x00, 0x00, 0x07, 0x07, 0x00, 0x00, 0x06, 0x00, 0x05, 0x05, 0x05, 0x05, 0x05, 0x05, 0x00,
        0x07, 0x07, 0x07, 0x07, 0x07, 0x06, 0x06, 0x06, 0x06, 0x07, 0x07, 0x07, 0x07, 0x07, 0x00, 0x05,
        0x05, 0x05, 0x05, 0x00, 0x07, 0x07, 0x00, 0x05, 0x05, 0x05, 0x05, 0x05, 0x00, 0x00, 0x06, 0x00,
        0x05, 0x05, 0x05, 0x05, 0x05, 0x00, 0x05, 0x05, 0x05, 0x05, 0x05, 0x05, 0x05, 0x00, 0x06, 0x06,
        0x06, 0x06, 0x07, 0x07, 0x07, 0x07, 0x06, 0x06,
    },
    {
        0x00, 0x05, 0x05, 0x05, 0x05, 0x05, 0x05, 0x05, 0x00, 0x05, 0x05, 0x05, 0x05, 0x05, 0x05, 0x05,
        0x00, 0x06, 0x00, 0x05, 0x05, 0x05, 0x05, 0x00, 0x06, 0x00, 0x05, 0x05, 0x00, 0x07, 0x00, 0x05,
        0x05, 0x05, 0x05, 0x05, 0x05, 0x05, 0x05, 0x05, 0x05, 0x00, 0x07, 0x00, 0x05, 0x05, 0x05, 0x05,
        0x00, 0x05, 0x05, 0x05, 0x05, 0x05, 0x00, 0x06, 0x06, 0x00, 0x05, 0x05, 0x05, 0x05, 0x05, 0x00,
        0x06, 0x00, 0x00, 0x00, 0x00, 0x00, 0x06, 0x06, 0x06, 0x00, 0x05, 0x05, 0x05, 0x05, 0x05, 0x00,
        0x07, 0x07, 0x07, 0x07, 0x07, 0x06, 0x06, 0x06, 0x06, 0x07, 0x07, 0x07, 0x07, 0x07, 0x00, 0x05,
        0x05, 0x05, 0x05, 0x00, 0x07, 0x07, 0x00, 0x05, 0x05, 0x05, 0x05, 0x05, 0x05, 0x05, 0x00, 0x00,
        0x05, 0x05, 0x05, 0x05, 0x00, 0x05, 0x05, 0x05, 0x05, 0x05, 0x05, 0x05, 0x00, 0x07, 0x06, 0x06,
        0x06, 0x06, 0x07, 0x07, 0x07, 0x07, 0x06, 0x06,
    },
    {
        0x00, 0x05, 0x05, 0x05, 0x05, 0x05, 0x05, 0x05, 0x00, 0x05, 0x05, 0x05, 0x05, 0x05, 0x05, 0x05,
        0x00, 0x06, 0x00, 0x05, 0x05, 0x05, 0x05, 0x00, 0x00, 0x00, 0x05, 0x05, 0x05, 0x00, 0x00, 0x05,
        0x05, 0x05, 0x05, 0x05, 0x05, 0x05, 0x05, 0x05, 0x00, 0x06, 0x07, 0x00, 0x05, 0x05, 0x05, 0x05,
        0x00, 0x00, 0x05, 0x05, 0x05, 0x05, 0x00, 0x06, 0x06, 0x00, 0x05, 0x05, 0x05, 0x05, 0x00, 0x06,
        0x06, 0x06, 0x00, 0x00, 0x00, 0x07, 0x00, 0x00, 0x06, 0x00, 0x05, 0x05, 0x05, 0x05, 0x05, 0x00,
        0x07, 0x07, 0x07, 0x07, 0x07, 0x06, 0x06, 0x06, 0x06, 0x07, 0x07, 0x07, 0x07, 0x07, 0x00, 0x05,
        0x05, 0x05, 0x05, 0x05, 0x00, 0x07, 0x00, 0x05, 0x05, 0x05, 0x05, 0x05, 0x05, 0x05, 0x05, 0x05,
        0x05, 0x05, 0x05, 0x05, 0x00, 0x05, 0x05, 0x05, 0x05, 0x05, 0x05, 0x05, 0x00, 0x07, 0x06, 0x06,
        0x06, 0x06, 0x07, 0x07, 0x07, 0x07, 0x06, 0x06,
    },
    {
        0x00, 0x05, 0x05, 0x05, 0x05, 0x05, 0x05, 0x05, 0x05, 0x05, 0x05, 0x05, 0x05, 0x05, 0x05, 0x05,
        0x00, 0x07, 0x00, 0x05, 0x05, 0x05, 0x05, 0x00, 0x05, 0x05, 0x05, 0x05, 0x05, 0x00, 0x00, 0x05,
        0x05, 0x05, 0x05, 0x00, 0x05, 0x05, 0x05, 0x05, 0x00, 0x07, 0x06, 0x00, 0x05, 0x05, 0x05, 0x05,
        0x00, 0x00, 0x05, 0x05, 0x05, 0x05, 0x05, 0x00, 0x00, 0x05, 0x05, 0x05, 0x05, 0x05, 0x00, 0x07,
        0x07, 0x00, 0x00, 0x00, 0x00, 0x00, 0x00, 0x00, 0x07, 0x00, 0x05, 0x05, 0x05, 0x05, 0x05, 0x00,
        0x07, 0x07, 0x07, 0x07, 0x07, 0x06, 0x06, 0x06, 0x06, 0x07, 0x07, 0x07, 0x07, 0x07, 0x00, 0x00,
        0x05, 0x05, 0x05, 0x05, 0x00, 0x06, 0x00, 0x05, 0x05, 0x05, 0x05, 0x05, 0x05, 0x05, 0x05, 0x05,
        0x05, 0x05, 0x05, 0x00, 0x00, 0x05, 0x05, 0x05, 0x05, 0x05, 0x05, 0x00, 0x06, 0x06, 0x07, 0x07,
        0x07, 0x07, 0x06, 0x06, 0x06, 0x06, 0x07, 0x07,
    },
    {
        0x00, 0x05, 0x05, 0x05, 0x05, 0x05, 0x05, 0x05, 0x05, 0x05, 0x05, 0x05, 0x05, 0x05, 0x05, 0x05,
        0x05, 0x00, 0x00, 0x05, 0x05, 0x05, 0x05, 0x05, 0x05, 0x05, 0x05, 0x05, 0x05, 0x00, 0x00, 0x05,
        0x05, 0x05, 0x05, 0x00, 0x00, 0x05, 0x05, 0x05, 0x05, 0x00, 0x06, 0x00, 0x05, 0x05, 0x05, 0x00,
        0x07, 0x00, 0x05, 0x05, 0x05, 0x05, 0x05, 0x05, 0x05, 0x05, 0x05, 0x05, 0x05, 0x05, 0x00, 0x07,
        0x00, 0x00, 0x00, 0x00, 0x00, 0x00, 0x00, 0x07, 0x07, 0x00, 0x05, 0x05, 0x05, 0x05, 0x05, 0x00,
        0x07, 0x07, 0x07, 0x07, 0x07, 0x07, 0x06, 0x06, 0x07, 0x07, 0x07, 0x07, 0x07, 0x07, 0x00, 0x00,
        0x05, 0x05, 0x05, 0x05, 0x00, 0x00, 0x05, 0x05, 0x05, 0x05, 0x05, 0x00, 0x05, 0x05, 0x05, 0x05,
        0x05, 0x05, 0x05, 0x00, 0x00, 0x05, 0x05, 0x05, 0x05, 0x05, 0x05, 0x00, 0x06, 0x06, 0x07, 0x07,
        0x07, 0x07, 0x06, 0x06, 0x06, 0x06, 0x07, 0x07,
    },
    {
        0x00, 0x05, 0x05, 0x05, 0x05, 0x05, 0x05, 0x05, 0x05, 0x05, 0x05, 0x05, 0x05, 0x05, 0x05, 0x05,
        0x05, 0x00, 0x00, 0x05, 0x05, 0x05, 0x05, 0x05, 0x05, 0x05, 0x05, 0x05, 0x05, 0x00, 0x00, 0x05,
        0x05, 0x05, 0x05, 0x00, 0x00, 0x05, 0x05, 0x05, 0x05, 0x00, 0x06, 0x00, 0x05, 0x05, 0x05, 0x00,
        0x07, 0x07, 0x00, 0x05, 0x05, 0x05, 0x05, 0x05, 0x05, 0x05, 0x05, 0x05, 0x05, 0x00, 0x07, 0x00,
        0x00, 0x00, 0x06, 0x06, 0x00, 0x00, 0x00, 0x07, 0x07, 0x00, 0x05, 0x05, 0x05, 0x05, 0x00, 0x07,
        0x00, 0x07, 0x07, 0x07, 0x07, 0x07, 0x07, 0x07, 0x07, 0x07, 0x07, 0x07, 0x07, 0x00, 0x07, 0x07,
        0x00, 0x05, 0x05, 0x05, 0x05, 0x00, 0x05, 0x05, 0x05, 0x05, 0x00, 0x06, 0x00, 0x00, 0x05, 0x05,
        0x05, 0x05, 0x00, 0x00, 0x05, 0x05, 0x05, 0x05, 0x05, 0x05, 0x00, 0x06, 0x06, 0x06, 0x07, 0x07,
        0x07, 0x07, 0x06, 0x06, 0x06, 0x06, 0x07, 0x07,
    },
    {
        0x00, 0x05, 0x05, 0x05, 0x05, 0x05, 0x05, 0x05, 0x05, 0x05, 0x05, 0x05, 0x05, 0x05, 0x05, 0x05,
        0x05, 0x00, 0x00, 0x05, 0x05, 0x05, 0x05, 0x05, 0x05, 0x05, 0x05, 0x05, 0x05, 0x05, 0x00, 0x00,
        0x05, 0x05, 0x05, 0x00, 0x06, 0x00, 0x05, 0x05, 0x05, 0x05, 0x00, 0x00, 0x05, 0x05, 0x05, 0x00,
        0x07, 0x07, 0x00, 0x05, 0x05, 0x05, 0x05, 0x05, 0x05, 0x05, 0x05, 0x05, 0x05, 0x00, 0x07, 0x00,
        0x00, 0x00, 0x06, 0x00, 0x00, 0x00, 0x00, 0x00, 0x07, 0x00, 0x05, 0x05, 0x05, 0x05, 0x00, 0x07,
        0x00, 0x07, 0x06, 0x06, 0x07, 0x07, 0x07, 0x07, 0x07, 0x07, 0x07, 0x07, 0x07, 0x00, 0x07, 0x07,
        0x00, 0x05, 0x05, 0x05, 0x05, 0x00, 0x05, 0x05, 0x05, 0x05, 0x00, 0x06, 0x06, 0x00, 0x05, 0x05,
        0x05, 0x05, 0x00, 0x00, 0x05, 0x05, 0x05, 0x05, 0x05, 0x05, 0x00, 0x06, 0x06, 0x06, 0x07, 0x07,
        0x07, 0x07, 0x06, 0x06, 0x06, 0x06, 0x07, 0x07,
    },
    {
        0x00, 0x05, 0x05, 0x05, 0x05, 0x05, 0x05, 0x05, 0x05, 0x05, 0x05, 0x05, 0x05, 0x05, 0x05, 0x05,
        0x05, 0x00, 0x00, 0x05, 0x05, 0x05, 0x05, 0x05, 0x05, 0x00, 0x00, 0x05, 0x05, 0x05, 0x00, 0x00,
        0x05, 0x05, 0x05, 0x00, 0x07, 0x00, 0x05, 0x05, 0x05, 0x05, 0x00, 0x00, 0x05, 0x05, 0x05, 0x00,
        0x06, 0x06, 0x07, 0x00, 0x05, 0x05, 0x05, 0x05, 0x05, 0x05, 0x05, 0x05, 0x00, 0x07, 0x06, 0x06,
        0x00, 0x00, 0x00, 0x00, 0x00, 0x07, 0x00, 0x00, 0x06, 0x00, 0x05, 0x05, 0x05, 0x05, 0x00, 0x06,
        0x00, 0x06, 0x06, 0x06, 0x06, 0x07, 0x07, 0x07, 0x07, 0x07, 0x07, 0x07, 0x07, 0x00, 0x06, 0x06,
        0x00, 0x05, 0x05, 0x05, 0x05, 0x00, 0x05, 0x05, 0x05, 0x05, 0x00, 0x07, 0x00, 0x05, 0x05, 0x05,
        0x05, 0x00, 0x07, 0x00, 0x05, 0x05, 0x05, 0x05, 0x05, 0x00, 0x07, 0x07, 0x07, 0x07, 0x06, 0x06,
        0x06, 0x06, 0x07, 0x07, 0x07, 0x07, 0x06, 0x06,
    },
    {
        0x00, 0x05, 0x05, 0x05, 0x05, 0x05, 0x00, 0x05, 0x05, 0x05, 0x05, 0x05, 0x00, 0x05, 0x05, 0x05,
        0x05, 0x00, 0x00, 0x05, 0x05, 0x05, 0x05, 0x00, 0x00, 0x06, 0x00, 0x05, 0x05, 0x05, 0x00, 0x00,
        0x05, 0x05, 0x05, 0x00, 0x07, 0x07, 0x00, 0x05, 0x05, 0x05, 0x05, 0x00, 0x05, 0x05, 0x05, 0x00,
        0x06, 0x06, 0x07, 0x07, 0x00, 0x00, 0x05, 0x05, 0x05, 0x05, 0x00, 0x00, 0x07, 0x07, 0x06, 0x06,
        0x06, 0x00, 0x00, 0x00, 0x07, 0x07, 0x06, 0x06, 0x06, 0x00, 0x05, 0x05, 0x05, 0x05, 0x00, 0x06,
        0x06, 0x00, 0x06, 0x06, 0x06, 0x07, 0x07, 0x07, 0x07, 0x06, 0x06, 0x07, 0x00, 0x07, 0x06, 0x06,
        0x00, 0x05, 0x05, 0x05, 0x05, 0x00, 0x05, 0x05, 0x05, 0x00, 0x07, 0x07, 0x00, 0x05, 0x05, 0x05,
        0x05, 0x00, 0x07, 0x00, 0x05, 0x05, 0x05, 0x05, 0x05, 0x00, 0x07, 0x07, 0x07, 0x07, 0x06, 0x06,
        0x06, 0x06, 0x07, 0x07, 0x07, 0x07, 0x06, 0x06,
    },
    {
        0x06, 0x00, 0x05, 0x05, 0x05, 0x05, 0x00, 0x05, 0x05, 0x05, 0x05, 0x05, 0x00, 0x05, 0x05, 0x05,
        0x05, 0x00, 0x00, 0x05, 0x05, 0x05, 0x05, 0x00, 0x06, 0x06, 0x00, 0x05, 0x05, 0x00, 0x00, 0x00,
        0x05, 0x05, 0x05, 0x00, 0x07, 0x07, 0x00, 0x05, 0x05, 0x05, 0x05, 0x00, 0x00, 0x00, 0x00, 0x00,
        0x06, 0x06, 0x07, 0x07, 0x07, 0x07, 0x00, 0x00, 0x00, 0x00, 0x07, 0x07, 0x07, 0x07, 0x06, 0x06,
        0x06, 0x06, 0x07, 0x07, 0x07, 0x07, 0x06, 0x06, 0x06, 0x00, 0x05, 0x05, 0x05, 0x05, 0x00, 0x06,
        0x06, 0x00, 0x06, 0x06, 0x07, 0x07, 0x07, 0x07, 0x07, 0x06, 0x06, 0x07, 0x00, 0x07, 0x06, 0x00,
        0x05, 0x05, 0x05, 0x05, 0x00, 0x05, 0x05, 0x05, 0x05, 0x00, 0x07, 0x00, 0x05, 0x05, 0x05, 0x05,
        0x00, 0x06, 0x00, 0x05, 0x05, 0x05, 0x05, 0x05, 0x00, 0x06, 0x07, 0x07, 0x07, 0x07, 0x06, 0x06,
        0x06, 0x06, 0x07, 0x07, 0x07, 0x07, 0x06, 0x06,
    },
    {
        0x06, 0x00, 0x05, 0x05, 0x05, 0x05, 0x00, 0x05, 0x05, 0x05, 0x05, 0x05, 0x00, 0x00, 0x05, 0x05,
        0x05, 0x05, 0x00, 0x05, 0x05, 0x05, 0x05, 0x00, 0x06, 0x06, 0x00, 0x00, 0x00, 0x07, 0x06, 0x00,
        0x05, 0x05, 0x00, 0x00, 0x07, 0x07, 0x06, 0x00, 0x00, 0x00, 0x00, 0x00, 0x07, 0x07, 0x06, 0x06,
        0x06, 0x06, 0x07, 0x07, 0x07, 0x07, 0x06, 0x06, 0x06, 0x06, 0x07, 0x07, 0x07, 0x07, 0x06, 0x06,
        0x06, 0x06, 0x07, 0x07, 0x07, 0x07, 0x06, 0x06, 0x06, 0x00, 0x05, 0x05, 0x05, 0x05, 0x00, 0x06,
        0x06, 0x06, 0x00, 0x07, 0x07, 0x07, 0x07, 0x07, 0x07, 0x06, 0x06, 0x00, 0x07, 0x00, 0x00, 0x05,
        0x05, 0x05, 0x05, 0x05, 0x00, 0x05, 0x05, 0x05, 0x05, 0x00, 0x07, 0x00, 0x05, 0x05, 0x05, 0x05,
        0x00, 0x06, 0x00, 0x05, 0x05, 0x05, 0x05, 0x05, 0x00, 0x06, 0x07, 0x07, 0x07, 0x07, 0x06, 0x06,
        0x06, 0x06, 0x07, 0x07, 0x07, 0x07, 0x06, 0x06,
    },
    {
        0x07, 0x00, 0x05, 0x05, 0x05, 0x05, 0x00, 0x00, 0x05, 0x05, 0x05, 0x05, 0x00, 0x00, 0x05, 0x05,
        0x05, 0x05, 0x00, 0x05, 0x05, 0x00, 0x00, 0x00, 0x07, 0x07, 0x06, 0x06, 0x06, 0x06, 0x07, 0x00,
        0x00, 0x00, 0x06, 0x06, 0x06, 0x06, 0x07, 0x07, 0x07, 0x07, 0x06, 0x06, 0x06, 0x06, 0x07, 0x07,
        0x07, 0x07, 0x06, 0x06, 0x06, 0x06, 0x07, 0x07, 0x07, 0x07, 0x06, 0x06, 0x06, 0x06, 0x07, 0x07,
        0x07, 0x07, 0x06, 0x06, 0x06, 0x06, 0x07, 0x07, 0x07, 0x00, 0x05, 0x05, 0x05, 0x05, 0x00, 0x07,
        0x07, 0x07, 0x06, 0x00, 0x00, 0x07, 0x07, 0x07, 0x07, 0x00, 0x00, 0x00, 0x00, 0x05, 0x05, 0x05,
        0x05, 0x05, 0x05, 0x00, 0x00, 0x05, 0x05, 0x05, 0x00, 0x07, 0x06, 0x00, 0x05, 0x05, 0x05, 0x00,
        0x07, 0x07, 0x00, 0x05, 0x05, 0x05, 0x05, 0x00, 0x07, 0x07, 0x06, 0x06, 0x06, 0x06, 0x07, 0x07,
        0x07, 0x07, 0x06, 0x06, 0x06, 0x06, 0x07, 0x07,
    },
    {
        0x07, 0x00, 0x05, 0x05, 0x05, 0x05, 0x00, 0x00, 0x05, 0x05, 0x05, 0x05, 0x00, 0x00, 0x05, 0x05,
        0x05, 0x05, 0x00, 0x00, 0x00, 0x06, 0x07, 0x07, 0x07, 0x07, 0x06, 0x06, 0x06, 0x06, 0x07, 0x07,
        0x07, 0x07, 0x06, 0x06, 0x06, 0x06, 0x07, 0x07, 0x07, 0x07, 0x06, 0x06, 0x06, 0x06, 0x07, 0x07,
        0x07, 0x07, 0x06, 0x06, 0x06, 0x06, 0x07, 0x07, 0x07, 0x07, 0x06, 0x06, 0x06, 0x06, 0x07, 0x07,
        0x07, 0x07, 0x06, 0x06, 0x06, 0x06, 0x07, 0x07, 0x07, 0x00, 0x00, 0x00, 0x00, 0x00, 0x00, 0x07,
        0x07, 0x07, 0x06, 0x06, 0x06, 0x00, 0x00, 0x00, 0x00, 0x07, 0x06, 0x00, 0x05, 0x05, 0x05, 0x05,
        0x05, 0x05, 0x05, 0x00, 0x00, 0x05, 0x05, 0x05, 0x00, 0x07, 0x00, 0x05, 0x05, 0x05, 0x05, 0x00,
        0x07, 0x07, 0x00, 0x05, 0x05, 0x05, 0x05, 0x00, 0x07, 0x07, 0x06, 0x06, 0x06, 0x06, 0x07, 0x07,
        0x07, 0x07, 0x06, 0x06, 0x06, 0x06, 0x07, 0x07,
    },
    {
        0x07, 0x00, 0x05, 0x05, 0x05, 0x05, 0x00, 0x00, 0x05, 0x05, 0x05, 0x05, 0x00, 0x06, 0x00, 0x05,
        0x05, 0x05, 0x00, 0x06, 0x06, 0x06, 0x07, 0x07, 0x07, 0x07, 0x06, 0x06, 0x06, 0x06, 0x07, 0x07,
        0x07, 0x07, 0x06, 0x06, 0x06, 0x06, 0x07, 0x07, 0x07, 0x07, 0x06, 0x06, 0x06, 0x06, 0x07, 0x07,
        0x07, 0x07, 0x06, 0x06, 0x06, 0x06, 0x07, 0x07, 0x07, 0x07, 0x06, 0x06, 0x06, 0x06, 0x07, 0x07,
        0x07, 0x07, 0x06, 0x06, 0x06, 0x06, 0x07, 0x07, 0x07, 0x07, 0x06, 0x06, 0x06, 0x06, 0x07, 0x07,
        0x07, 0x07, 0x06, 0x06, 0x06, 0x06, 0x07, 0x07, 0x07, 0x07, 0x06, 0x00, 0x05, 0x05, 0x05, 0x05,
        0x05, 0x00, 0x00, 0x06, 0x06, 0x00, 0x00, 0x05, 0x00, 0x07, 0x00, 0x05, 0x05, 0x05, 0x00, 0x07,
        0x07, 0x00, 0x05, 0x05, 0x05, 0x05, 0x00, 0x07, 0x07, 0x07, 0x06, 0x06, 0x06, 0x06, 0x07, 0x07,
        0x07, 0x07, 0x06, 0x06, 0x06, 0x06, 0x07, 0x07,
    },
    {
        0x07, 0x00, 0x05, 0x05, 0x05, 0x05, 0x00, 0x00, 0x05, 0x05, 0x05, 0x05, 0x00, 0x06, 0x00, 0x05,
        0x05, 0x00, 0x00, 0x06, 0x06, 0x06, 0x07, 0x07, 0x07, 0x07, 0x06, 0x06, 0x06, 0x06, 0x07, 0x07,
        0x07, 0x07, 0x06, 0x06, 0x06, 0x06, 0x07, 0x07, 0x07, 0x07, 0x06, 0x06, 0x06, 0x06, 0x07, 0x07,
        0x07, 0x07, 0x06, 0x06, 0x06, 0x06, 0x07, 0x07, 0x07, 0x07, 0x06, 0x06, 0x06, 0x06, 0x07, 0x07,
        0x07, 0x07, 0x06, 0x06, 0x06, 0x06, 0x07, 0x07, 0x07, 0x07, 0x06, 0x06, 0x06, 0x06, 0x07, 0x07,
        0x07, 0x07, 0x06, 0x06, 0x06, 0x06, 0x07, 0x07, 0x07, 0x07, 0x06, 0x00, 0x05, 0x05, 0x05, 0x00,
        0x00, 0x07, 0x06, 0x06, 0x06, 0x06, 0x07, 0x00, 0x07, 0x07, 0x00, 0x05, 0x05, 0x05, 0x00, 0x07,
        0x07, 0x00, 0x05, 0x05, 0x05, 0x05, 0x00, 0x07, 0x07, 0x07, 0x06, 0x06, 0x06, 0x06, 0x07, 0x07,
        0x07, 0x07, 0x06, 0x06, 0x06, 0x06, 0x07, 0x07,
    },
    {
        0x06, 0x00, 0x05, 0x05, 0x05, 0x05, 0x00, 0x06, 0x00, 0x05, 0x05, 0x05, 0x00, 0x07, 0x00, 0x00,
        0x00, 0x06, 0x07, 0x07, 0x07, 0x07, 0x06, 0x06, 0x06, 0x06, 0x07, 0x07, 0x07, 0x07, 0x06, 0x06,
        0x06, 0x06, 0x07, 0x07, 0x07, 0x07, 0x06, 0x06, 0x06, 0x06, 0x07, 0x07, 0x07, 0x07, 0x06, 0x06,
        0x06, 0x06, 0x07, 0x07, 0x07, 0x07, 0x06, 0x06, 0x06, 0x06, 0x07, 0x07, 0x07, 0x07, 0x06, 0x06,
        0x06, 0x06, 0x07, 0x07, 0x07, 0x07, 0x06, 0x06, 0x06, 0x06, 0x07, 0x07, 0x07, 0x07, 0x06, 0x06,
        0x06, 0x06, 0x07, 0x07, 0x07, 0x07, 0x06, 0x06, 0x06, 0x06, 0x07, 0x00, 0x00, 0x00, 0x00, 0x06,
        0x06, 0x06, 0x07, 0x07, 0x07, 0x07, 0x06, 0x06, 0x06, 0x06, 0x07, 0x00, 0x05, 0x00, 0x06, 0x06,
        0x06, 0x00, 0x05, 0x05, 0x05, 0x00, 0x06, 0x06, 0x06, 0x06, 0x07, 0x07, 0x07, 0x07, 0x06, 0x06,
        0x06, 0x06, 0x07, 0x07, 0x07, 0x07, 0x06, 0x06,
    },
    {
        0x06, 0x00, 0x05, 0x05, 0x05, 0x05, 0x00, 0x06, 0x00, 0x05, 0x05, 0x00, 0x07, 0x07, 0x06, 0x06,
        0x06, 0x06, 0x07, 0x07, 0x07, 0x07, 0x06, 0x06, 0x06, 0x06, 0x07, 0x07, 0x07, 0x07, 0x06, 0x06,
        0x06, 0x06, 0x07, 0x07, 0x07, 0x07, 0x06, 0x06, 0x06, 0x06, 0x07, 0x07, 0x07, 0x07, 0x06, 0x06,
        0x06, 0x06, 0x07, 0x07, 0x07, 0x07, 0x06, 0x06, 0x06, 0x06, 0x07, 0x07, 0x07, 0x07, 0x06, 0x06,
        0x06, 0x06, 0x07, 0x07, 0x07, 0x07, 0x06, 0x06, 0x06, 0x06, 0x07, 0x07, 0x07, 0x07, 0x06, 0x06,
        0x06, 0x06, 0x07, 0x07, 0x07, 0x07, 0x06, 0x06, 0x06, 0x06, 0x07, 0x07, 0x07, 0x07, 0x06, 0x06,
        0x06, 0x06, 0x07, 0x07, 0x07, 0x07, 0x06, 0x06, 0x06, 0x06, 0x07, 0x07, 0x00, 0x07, 0x06, 0x06,
        0x00, 0x05, 0x05, 0x05, 0x05, 0x00, 0x06, 0x06, 0x06, 0x06, 0x07, 0x07, 0x07, 0x07, 0x06, 0x06,
        0x06, 0x06, 0x07, 0x07, 0x07, 0x07, 0x06, 0x06,
    },
    {
        0x06, 0x00, 0x05, 0x05, 0x05, 0x05, 0x00, 0x06, 0x00, 0x00, 0x00, 0x07, 0x07, 0x07, 0x06, 0x06,
        0x06, 0x06, 0x07, 0x07, 0x07, 0x07, 0x06, 0x06, 0x06, 0x06, 0x07, 0x07, 0x07, 0x07, 0x06, 0x06,
        0x06, 0x06, 0x07, 0x07, 0x07, 0x07, 0x06, 0x06, 0x06, 0x06, 0x07, 0x07, 0x07, 0x07, 0x06, 0x06,
        0x06, 0x06, 0x07, 0x07, 0x07, 0x07, 0x06, 0x06, 0x06, 0x06, 0x07, 0x07, 0x07, 0x07, 0x06, 0x06,
        0x06, 0x06, 0x07, 0x07, 0x07, 0x07, 0x06, 0x06, 0x06, 0x06, 0x07, 0x07, 0x07, 0x07, 0x06, 0x06,
        0x06, 0x06, 0x07, 0x07, 0x07, 0x07, 0x06, 0x06, 0x06, 0x06, 0x07, 0x07, 0x07, 0x07, 0x06, 0x06,
        0x06, 0x06, 0x07, 0x07, 0x07, 0x07, 0x06, 0x06, 0x06, 0x06, 0x07, 0x07, 0x07, 0x07, 0x06, 0x06,
        0x00, 0x05, 0x05, 0x05, 0x00, 0x07, 0x06, 0x06, 0x06, 0x06, 0x07, 0x07, 0x07, 0x07, 0x06, 0x06,
        0x06, 0x06, 0x07, 0x07, 0x07, 0x07, 0x06, 0x06,
    },
    {
        0x06, 0x00, 0x05, 0x05, 0x05, 0x05, 0x00, 0x06, 0x06, 0x06, 0x07, 0x07, 0x07, 0x07, 0x06, 0x06,
        0x06, 0x06, 0x07, 0x07, 0x07, 0x07, 0x06, 0x06, 0x06, 0x06, 0x07, 0x07, 0x07, 0x07, 0x06, 0x06,
        0x06, 0x06, 0x07, 0x07, 0x07, 0x07, 0x06, 0x06, 0x06, 0x06, 0x07, 0x07, 0x07, 0x07, 0x06, 0x06,
        0x06, 0x06, 0x07, 0x07, 0x07, 0x07, 0x06, 0x06, 0x06, 0x06, 0x07, 0x07, 0x07, 0x07, 0x06, 0x06,
        0x06, 0x06, 0x07, 0x07, 0x07, 0x07, 0x06, 0x06, 0x06, 0x06, 0x07, 0x07, 0x07, 0x07, 0x06, 0x06,
        0x06, 0x06, 0x07, 0x07, 0x07, 0x07, 0x06, 0x06, 0x06, 0x06, 0x07, 0x07, 0x07, 0x07, 0x06, 0x06,
        0x06, 0x06, 0x07, 0x07, 0x07, 0x07, 0x06, 0x06, 0x06, 0x06, 0x07, 0x07, 0x07, 0x07, 0x06, 0x06,
        0x06, 0x00, 0x05, 0x05, 0x00, 0x07, 0x06, 0x06, 0x06, 0x06, 0x07, 0x07, 0x07, 0x07, 0x06, 0x06,
        0x06, 0x06, 0x07, 0x07, 0x07, 0x07, 0x06, 0x06,
    },
    {
        0x07, 0x00, 0x05, 0x05, 0x05, 0x05, 0x00, 0x07, 0x07, 0x07, 0x06, 0x06, 0x06, 0x06, 0x07, 0x07,
        0x07, 0x07, 0x06, 0x06, 0x06, 0x06, 0x07, 0x07, 0x07, 0x07, 0x06, 0x06, 0x06, 0x06, 0x07, 0x07,
        0x07, 0x07, 0x06, 0x06, 0x06, 0x06, 0x07, 0x07, 0x07, 0x07, 0x06, 0x06, 0x06, 0x06, 0x07, 0x07,
        0x07, 0x07, 0x06, 0x06, 0x06, 0x06, 0x07, 0x07, 0x07, 0x07, 0x06, 0x06, 0x06, 0x06, 0x07, 0x07,
        0x07, 0x07, 0x06, 0x06, 0x06, 0x06, 0x07, 0x07, 0x07, 0x07, 0x06, 0x06, 0x06, 0x06, 0x07, 0x07,
        0x07, 0x07, 0x06, 0x06, 0x06, 0x06, 0x07, 0x07, 0x07, 0x07, 0x06, 0x06, 0x06, 0x06, 0x07, 0x07,
        0x07, 0x07, 0x06, 0x06, 0x06, 0x06, 0x07, 0x07, 0x07, 0x07, 0x06, 0x06, 0x06, 0x06, 0x07, 0x07,
        0x07, 0x07, 0x00, 0x00, 0x06, 0x06, 0x07, 0x07, 0x07, 0x07, 0x06, 0x06, 0x06, 0x06, 0x07, 0x07,
        0x07, 0x07, 0x06, 0x06, 0x06, 0x06, 0x07, 0x07,
    },
    {
        0x07, 0x00, 0x05, 0x05, 0x05, 0x00, 0x00, 0x07, 0x07, 0x07, 0x06, 0x06, 0x06, 0x06, 0x07, 0x07,
        0x07, 0x07, 0x06, 0x06, 0x06, 0x06, 0x07, 0x07, 0x07, 0x07, 0x06, 0x06, 0x06, 0x06, 0x07, 0x07,
        0x07, 0x07, 0x06, 0x06, 0x06, 0x06, 0x07, 0x07, 0x07, 0x07, 0x06, 0x06, 0x06, 0x06, 0x07, 0x07,
        0x07, 0x07, 0x06, 0x06, 0x06, 0x06, 0x07, 0x07, 0x07, 0x07, 0x06, 0x06, 0x06, 0x06, 0x07, 0x07,
        0x07, 0x07, 0x06, 0x06, 0x06, 0x06, 0x07, 0x07, 0x07, 0x07, 0x06, 0x06, 0x06, 0x06, 0x07, 0x07,
        0x07, 0x07, 0x06, 0x06, 0x06, 0x06, 0x07, 0x07, 0x07, 0x07, 0x06, 0x06, 0x06, 0x06, 0x07, 0x07,
        0x07, 0x07, 0x06, 0x06, 0x06, 0x06, 0x07, 0x07, 0x07, 0x07, 0x06, 0x06, 0x06, 0x06, 0x07, 0x07,
        0x07, 0x07, 0x06, 0x06, 0x06, 0x06, 0x07, 0x07, 0x07, 0x07, 0x06, 0x06, 0x06, 0x06, 0x07, 0x07,
        0x07, 0x07, 0x06, 0x06, 0x06, 0x06, 0x07, 0x07,
    },
    {
        0x07, 0x00, 0x00, 0x00, 0x00, 0x06, 0x07, 0x07, 0x07, 0x07, 0x06, 0x06, 0x06, 0x06, 0x07, 0x07,
        0x07, 0x07, 0x06, 0x06, 0x06, 0x06, 0x07, 0x07, 0x07, 0x07, 0x06, 0x06, 0x06, 0x06, 0x07, 0x07,
        0x07, 0x07, 0x06, 0x06, 0x06, 0x06, 0x07, 0x07, 0x07, 0x07, 0x06, 0x06, 0x06, 0x06, 0x07, 0x07,
        0x07, 0x07, 0x06, 0x06, 0x06, 0x06, 0x07, 0x07, 0x07, 0x07, 0x06, 0x06, 0x06, 0x06, 0x07, 0x07,
        0x07, 0x07, 0x06, 0x06, 0x06, 0x06, 0x07, 0x07, 0x07, 0x07, 0x06, 0x06, 0x06, 0x06, 0x07, 0x07,
        0x07, 0x07, 0x06, 0x06, 0x06, 0x06, 0x07, 0x07, 0x07, 0x07, 0x06, 0x06, 0x06, 0x06, 0x07, 0x07,
        0x07, 0x07, 0x06, 0x06, 0x06, 0x06, 0x07, 0x07, 0x07, 0x07, 0x06, 0x06, 0x06, 0x06, 0x07, 0x07,
        0x07, 0x07, 0x06, 0x06, 0x06, 0x06, 0x07, 0x07, 0x07, 0x07, 0x06, 0x06, 0x06, 0x06, 0x07, 0x07,
        0x07, 0x07, 0x06, 0x06, 0x06, 0x06, 0x07, 0x07,
    },
    {
        0x07, 0x07, 0x06, 0x06, 0x06, 0x06, 0x07, 0x07, 0x07, 0x07, 0x06, 0x06, 0x06, 0x06, 0x07, 0x07,
        0x07, 0x07, 0x06, 0x06, 0x06, 0x06, 0x07, 0x07, 0x07, 0x07, 0x06, 0x06, 0x06, 0x06, 0x07, 0x07,
        0x07, 0x07, 0x06, 0x06, 0x06, 0x06, 0x07, 0x07, 0x07, 0x07, 0x06, 0x06, 0x06, 0x06, 0x07, 0x07,
        0x07, 0x07, 0x06, 0x06, 0x06, 0x06, 0x07, 0x07, 0x07, 0x07, 0x06, 0x06, 0x06, 0x06, 0x07, 0x07,
        0x07, 0x07, 0x06, 0x06, 0x06, 0x06, 0x07, 0x07, 0x07, 0x07, 0x06, 0x06, 0x06, 0x06, 0x07, 0x07,
        0x07, 0x07, 0x06, 0x06, 0x06, 0x06, 0x07, 0x07, 0x07, 0x07, 0x06, 0x06, 0x06, 0x06, 0x07, 0x07,
        0x07, 0x07, 0x06, 0x06, 0x06, 0x06, 0x07, 0x07, 0x07, 0x07, 0x06, 0x06, 0x06, 0x06, 0x07, 0x07,
        0x07, 0x07, 0x06, 0x06, 0x06, 0x06, 0x07, 0x07, 0x07, 0x07, 0x06, 0x06, 0x06, 0x06, 0x07, 0x07,
        0x07, 0x07, 0x06, 0x06, 0x06, 0x06, 0x07, 0x07,
    },
    {
        0x06, 0x06, 0x07, 0x07, 0x07, 0x07, 0x06, 0x06, 0x06, 0x06, 0x07, 0x07, 0x07, 0x07, 0x06, 0x06,
        0x06, 0x06, 0x07, 0x07, 0x07, 0x07, 0x06, 0x06, 0x06, 0x06, 0x07, 0x07, 0x07, 0x07, 0x06, 0x06,
        0x06, 0x06, 0x07, 0x07, 0x07, 0x07, 0x06, 0x06, 0x06, 0x06, 0x07, 0x07, 0x07, 0x07, 0x06, 0x06,
        0x06, 0x06, 0x07, 0x07, 0x07, 0x07, 0x06, 0x06, 0x06, 0x06, 0x07, 0x07, 0x07, 0x07, 0x06, 0x06,
        0x06, 0x06, 0x07, 0x07, 0x07, 0x07, 0x06, 0x06, 0x06, 0x06, 0x07, 0x07, 0x07, 0x07, 0x06, 0x06,
        0x06, 0x06, 0x07, 0x07, 0x07, 0x07, 0x06, 0x06, 0x06, 0x06, 0x07, 0x07, 0x07, 0x07, 0x06, 0x06,
        0x06, 0x06, 0x07, 0x07, 0x07, 0x07, 0x06, 0x06, 0x06, 0x06, 0x07, 0x07, 0x07, 0x07, 0x06, 0x06,
        0x06, 0x06, 0x07, 0x07, 0x07, 0x07, 0x06, 0x06, 0x06, 0x06, 0x07, 0x07, 0x07, 0x07, 0x06, 0x06,
        0x06, 0x06, 0x07, 0x07, 0x07, 0x07, 0x06, 0x06,
    },
};

}  // namespace Vessel::Emulator::Virtual::PlatformHvc
